{"content":[{"id":"55889530","settings":{"content_width":"full","width":{"unit":"%","size":100,"sizes":[]},"width_tablet":{"unit":"%","size":"","sizes":[]},"width_mobile":{"unit":"%","size":"","sizes":[]},"boxed_width":{"unit":"%","size":100,"sizes":[]},"boxed_width_tablet":{"unit":"%","size":"","sizes":[]},"boxed_width_mobile":{"unit":"%","size":"","sizes":[]},"margin":{"unit":"px","top":"0","right":"0","bottom":"0","left":"0","isLinked":false},"margin_tablet":{"unit":"px","top":"0","right":"0","bottom":"0","left":"0","isLinked":false},"margin_mobile":{"unit":"px","top":"0","right":"0","bottom":"0","left":"0","isLinked":false},"padding":{"unit":"px","top":"100","right":"30","bottom":"0","left":"30","isLinked":false},"padding_tablet":{"unit":"px","top":"100","right":"20","bottom":"0","left":"20","isLinked":false},"padding_mobile":{"unit":"px","top":"100","right":"20","bottom":"0","left":"20","isLinked":false},"css_classes":"pcwidth","pa_condition_repeater":[]},"elements":[{"id":"3f685a67","settings":{"premium_blog_skin":"modern","force_height":"true","premium_blog_posts_columns_spacing":{"unit":"px","size":40,"sizes":[]},"premium_blog_posts_spacing":{"unit":"px","size":20,"sizes":[]},"premium_blog_excerpt_text":"Read More \u00bb","premium_blog_categories_meta":"","premium_blog_infinite_scroll":"yes","premium_blog_tab_label":"All","premium_blog_prev_text":"Previous","premium_blog_next_text":"Next","categories_repeater":[{"_id":"2a542ad"}],"premium_blog_post_content_color":"#000000","premium_blog_content_background_color":"#FFFFFF","premium_blog_box_background_color":"#F3F5F8","pa_condition_repeater":[]},"elements":[],"isInner":false,"widgetType":"premium-addon-blog","elType":"widget"}],"isInner":false,"elType":"container"}],"settings":{"template":"elementor_header_footer"},"metadata":[]}