{"content":[{"id":"711e3b6d","settings":{"flex_direction":"column","content_width":"full","flex_justify_content":"center","padding":{"unit":"custom","top":"calc(15% + 60px)","right":"0","bottom":"15%","left":"0","isLinked":false},"padding_mobile":{"unit":"px","top":"100","right":"20","bottom":"40","left":"20","isLinked":false},"css_classes":"pcwidth","background_background":"classic","background_color":"#F3F5F8","padding_tablet":{"unit":"custom","top":"","right":"","bottom":"","left":"","isLinked":true},"margin_mobile":{"unit":"px","top":"0","right":"0","bottom":"0","left":"0","isLinked":false},"pa_condition_repeater":[]},"elements":[{"id":"367305b0","settings":{"title":"About Us","title_color":"#000000","typography_typography":"custom","typography_font_size":{"unit":"px","size":65,"sizes":[]},"typography_font_size_tablet":{"unit":"px","size":28,"sizes":[]},"typography_font_size_mobile":{"unit":"px","size":28,"sizes":[]},"typography_line_height":{"unit":"px","size":70,"sizes":[]},"typography_line_height_tablet":{"unit":"px","size":35,"sizes":[]},"typography_line_height_mobile":{"unit":"px","size":"","sizes":[]},"_margin":{"unit":"px","top":"0","right":"0","bottom":"0","left":"0","isLinked":false},"_margin_mobile":{"unit":"px","top":"0","right":"0","bottom":"0","left":"0","isLinked":false},"_padding":{"unit":"px","top":"0","right":"30","bottom":"0","left":"30","isLinked":false},"_padding_tablet":{"unit":"px","top":"0","right":"0","bottom":"0","left":"0","isLinked":false},"_padding_mobile":{"unit":"px","top":"0","right":"0","bottom":"0","left":"0","isLinked":false},"align":"center","align_mobile":"center","header_size":"h1","pa_condition_repeater":[]},"elements":[],"isInner":false,"widgetType":"heading","elType":"widget"},{"id":"af2b35a","settings":{"title":"Use this section to describe your company. You could share your company\u2019s story and details about why you are in business. The goal is to create a connection with the visitor and give them confidence to buy from you.","title_color":"#000000","typography_typography":"custom","typography_font_size":{"unit":"px","size":24,"sizes":[]},"typography_font_size_tablet":{"unit":"px","size":16,"sizes":[]},"typography_font_size_mobile":{"unit":"px","size":16,"sizes":[]},"typography_font_weight":"300","typography_line_height":{"unit":"px","size":34,"sizes":[]},"typography_line_height_tablet":{"unit":"px","size":26,"sizes":[]},"typography_line_height_mobile":{"unit":"px","size":"","sizes":[]},"_margin":{"unit":"px","top":"0","right":"0","bottom":"0","left":"0","isLinked":false},"_margin_mobile":{"unit":"px","top":"0","right":"0","bottom":"0","left":"0","isLinked":false},"_padding":{"unit":"px","top":"0","right":"30","bottom":"0","left":"30","isLinked":false},"_padding_tablet":{"unit":"px","top":"0","right":"30","bottom":"0","left":"30","isLinked":false},"_padding_mobile":{"unit":"px","top":"0","right":"0","bottom":"0","left":"0","isLinked":false},"align":"center","pa_condition_repeater":[],"_element_width":"initial","_element_custom_width":{"unit":"px","size":920,"sizes":[]},"_flex_align_self":"center"},"elements":[],"isInner":false,"widgetType":"heading","elType":"widget"}],"isInner":false,"elType":"container"},{"id":"f8605ac","settings":{"flex_direction":"row","flex_gap":{"unit":"px","size":0},"content_width":"full","width":{"unit":"%","size":100,"sizes":[]},"boxed_width":{"unit":"px","size":1600,"sizes":[]},"margin":{"unit":"px","top":"0","right":"0","bottom":"0","left":"0","isLinked":false},"padding":{"unit":"custom","top":"15%","right":"0","bottom":"15%","left":"30px","isLinked":false},"padding_tablet":{"unit":"custom","top":"15%","right":"20px","bottom":"15%","left":"20px","isLinked":false},"padding_mobile":{"unit":"px","top":"40","right":"20","bottom":"40","left":"20","isLinked":false},"flex_direction_mobile":"column-reverse","css_classes":"pcwidth","margin_tablet":{"unit":"%","top":"","right":"","bottom":"","left":"","isLinked":true},"margin_mobile":{"unit":"%","top":"","right":"","bottom":"","left":"","isLinked":true},"pa_condition_repeater":[]},"elements":[{"id":"2b24fe67","settings":{"flex_direction":"column","content_width":"full","width":{"unit":"%","size":50},"padding":{"unit":"px","top":"0","right":"0","bottom":"0","left":"0","isLinked":false},"_flex_align_self":"center","flex_direction_mobile":"column","flex_gap":{"unit":"px","size":20,"sizes":[]},"flex_gap_tablet":{"unit":"px","size":20,"sizes":[]},"flex_gap_mobile":{"unit":"px","size":20,"sizes":[]},"margin_mobile":{"unit":"px","top":"0","right":"0","bottom":"0","left":"0","isLinked":false},"padding_mobile":{"unit":"px","top":"0","right":"0","bottom":"0","left":"0","isLinked":false},"pa_condition_repeater":[]},"elements":[{"id":"4e072e5f","settings":{"title":"Our Mission","header_size":"h1","title_color":"#000000","typography_typography":"custom","typography_font_size":{"unit":"px","size":65,"sizes":[]},"typography_font_size_tablet":{"unit":"px","size":28,"sizes":[]},"typography_font_size_mobile":{"unit":"px","size":28,"sizes":[]},"typography_line_height":{"unit":"px","size":70,"sizes":[]},"typography_line_height_tablet":{"unit":"px","size":35,"sizes":[]},"typography_line_height_mobile":{"unit":"px","size":"","sizes":[]},"_margin":{"unit":"px","top":"0","right":"30","bottom":"0","left":"0","isLinked":false},"_margin_mobile":{"unit":"px","top":"20","right":"0","bottom":"0","left":"0","isLinked":false},"_padding":{"unit":"px","top":"0","right":"0","bottom":"0","left":"0","isLinked":false},"_padding_tablet":{"unit":"px","top":"0","right":"0","bottom":"0","left":"0","isLinked":false},"_padding_mobile":{"unit":"px","top":"0","right":"0","bottom":"0","left":"0","isLinked":false},"pa_condition_repeater":[]},"elements":[],"isInner":false,"widgetType":"heading","elType":"widget"},{"id":"3e4615c4","settings":{"editor":"<p>A short paragraph describing your company\u2019s goals or mission statement. This section is meant to help visitors understand the purpose of your business.<\/p>","text_color":"#000000","typography_typography":"custom","typography_font_size":{"unit":"px","size":20,"sizes":[]},"typography_font_weight":"300","_margin":{"unit":"px","top":"0","right":"90","bottom":"0","left":"0","isLinked":false},"_padding":{"unit":"px","top":"0","right":"0","bottom":"0","left":"0","isLinked":false},"_margin_mobile":{"unit":"px","top":"0","right":"0","bottom":"0","left":"0","isLinked":false},"pa_condition_repeater":[],"typography_font_size_tablet":{"unit":"px","size":16,"sizes":[]},"typography_font_size_mobile":{"unit":"px","size":16,"sizes":[]},"_margin_tablet":{"unit":"px","top":"0","right":"30","bottom":"0","left":"0","isLinked":false}},"elements":[],"isInner":false,"widgetType":"text-editor","elType":"widget"}],"isInner":false,"elType":"container"},{"id":"418a6e33","settings":{"flex_direction":"column","content_width":"full","width":{"unit":"%","size":50},"padding":{"unit":"px","top":"0","right":"0","bottom":"0","left":"0","isLinked":false},"pa_condition_repeater":[]},"elements":[{"id":"3b119da3","settings":{"image_size":"full","image":{"url":"http:\/\/localhost\/staging\/wp-content\/uploads\/2023\/02\/Rectangle-11.png","id":98,"alt":"","source":"library"},"pa_condition_repeater":[]},"elements":[],"isInner":false,"widgetType":"image","elType":"widget"}],"isInner":false,"elType":"container"}],"isInner":false,"elType":"container"},{"id":"2fae6b6a","settings":{"flex_direction":"column","content_width":"full","flex_justify_content":"center","padding":{"unit":"%","top":"15","right":"0","bottom":"15","left":"0","isLinked":false},"padding_mobile":{"unit":"px","top":"40","right":"20","bottom":"40","left":"20","isLinked":false},"css_classes":"pcwidth","background_background":"classic","background_color":"#F3F5F8","padding_tablet":{"unit":"%","top":"","right":"","bottom":"","left":"","isLinked":true},"margin_mobile":{"unit":"px","top":"0","right":"0","bottom":"0","left":"0","isLinked":false},"pa_condition_repeater":[]},"elements":[{"id":"5bd8b319","settings":{"title":"\"A quote from a company employee\"","title_color":"#000000","typography_typography":"custom","typography_font_size":{"unit":"px","size":65,"sizes":[]},"typography_font_size_tablet":{"unit":"px","size":28,"sizes":[]},"typography_font_size_mobile":{"unit":"px","size":28,"sizes":[]},"typography_line_height":{"unit":"px","size":70,"sizes":[]},"typography_line_height_tablet":{"unit":"px","size":35,"sizes":[]},"typography_line_height_mobile":{"unit":"px","size":"","sizes":[]},"_margin":{"unit":"px","top":"0","right":"0","bottom":"0","left":"0","isLinked":false},"_margin_mobile":{"unit":"px","top":"0","right":"0","bottom":"0","left":"0","isLinked":false},"_padding":{"unit":"px","top":"0","right":"30","bottom":"0","left":"30","isLinked":false},"_padding_tablet":{"unit":"px","top":"0","right":"0","bottom":"0","left":"0","isLinked":false},"_padding_mobile":{"unit":"px","top":"0","right":"0","bottom":"0","left":"0","isLinked":false},"align":"center","align_mobile":"center","header_size":"h1","pa_condition_repeater":[],"_element_width":"initial","_element_custom_width":{"unit":"px","size":920,"sizes":[]},"_flex_align_self":"center"},"elements":[],"isInner":false,"widgetType":"heading","elType":"widget"},{"id":"1cb65738","settings":{"title":"Employee Name","title_color":"#000000","typography_typography":"custom","typography_font_size":{"unit":"px","size":24,"sizes":[]},"typography_font_size_tablet":{"unit":"px","size":16,"sizes":[]},"typography_font_size_mobile":{"unit":"px","size":16,"sizes":[]},"typography_font_weight":"300","typography_line_height":{"unit":"px","size":34,"sizes":[]},"typography_line_height_tablet":{"unit":"px","size":26,"sizes":[]},"typography_line_height_mobile":{"unit":"px","size":"","sizes":[]},"_margin":{"unit":"px","top":"0","right":"0","bottom":"0","left":"0","isLinked":false},"_margin_mobile":{"unit":"px","top":"0","right":"0","bottom":"0","left":"0","isLinked":false},"_padding":{"unit":"px","top":"0","right":"30","bottom":"0","left":"30","isLinked":false},"_padding_tablet":{"unit":"px","top":"0","right":"30","bottom":"0","left":"30","isLinked":false},"_padding_mobile":{"unit":"px","top":"0","right":"0","bottom":"0","left":"0","isLinked":false},"align":"center","pa_condition_repeater":[],"typography_font_style":"italic"},"elements":[],"isInner":false,"widgetType":"heading","elType":"widget"}],"isInner":false,"elType":"container"},{"id":"72e6b191","settings":{"flex_direction":"row","flex_gap":{"unit":"px","size":0},"content_width":"full","width":{"unit":"%","size":100,"sizes":[]},"boxed_width":{"unit":"px","size":1600,"sizes":[]},"margin":{"unit":"px","top":"0","right":"0","bottom":"0","left":"0","isLinked":false},"padding":{"unit":"custom","top":"15%","right":"40px","bottom":"15%","left":"0","isLinked":false},"padding_tablet":{"unit":"custom","top":"15%","right":"20px","bottom":"15%","left":"20px","isLinked":false},"padding_mobile":{"unit":"px","top":"40","right":"20","bottom":"40","left":"20","isLinked":false},"flex_direction_mobile":"column","css_classes":"pcwidth","margin_tablet":{"unit":"%","top":"","right":"","bottom":"","left":"","isLinked":true},"margin_mobile":{"unit":"%","top":"","right":"","bottom":"","left":"","isLinked":true},"pa_condition_repeater":[],"_flex_align_self":"center"},"elements":[{"id":"5e9f34d8","settings":{"flex_direction":"column","content_width":"full","width":{"unit":"%","size":"50"},"padding":{"unit":"px","top":"0","right":"0","bottom":"0","left":"0","isLinked":false},"pa_condition_repeater":[]},"elements":[{"id":"bc2edc7","settings":{"image_size":"full","image":{"url":"http:\/\/localhost\/staging\/wp-content\/uploads\/2023\/02\/Rectangle-11.png","id":98,"alt":"","source":"library"},"pa_condition_repeater":[]},"elements":[],"isInner":false,"widgetType":"image","elType":"widget"}],"isInner":false,"elType":"container"},{"id":"73520e16","settings":{"flex_direction":"column","content_width":"full","width":{"unit":"%","size":"50"},"padding":{"unit":"%","top":"0","right":"0","bottom":"0","left":"5","isLinked":false},"_flex_align_self":"center","flex_direction_mobile":"column","flex_gap":{"unit":"px","size":20,"sizes":[]},"flex_gap_tablet":{"unit":"px","size":20,"sizes":[]},"flex_gap_mobile":{"unit":"px","size":20,"sizes":[]},"margin_mobile":{"unit":"px","top":"0","right":"0","bottom":"0","left":"0","isLinked":false},"padding_tablet":{"unit":"%","top":"","right":"","bottom":"","left":"","isLinked":true},"padding_mobile":{"unit":"px","top":"0","right":"0","bottom":"0","left":"0","isLinked":false},"pa_condition_repeater":[]},"elements":[{"id":"72bd990d","settings":{"title":"Our Vision","title_color":"#000000","typography_typography":"custom","typography_font_size":{"unit":"px","size":65,"sizes":[]},"typography_font_size_tablet":{"unit":"px","size":28,"sizes":[]},"typography_font_size_mobile":{"unit":"px","size":28,"sizes":[]},"typography_line_height":{"unit":"px","size":70,"sizes":[]},"typography_line_height_tablet":{"unit":"px","size":35,"sizes":[]},"typography_line_height_mobile":{"unit":"px","size":"","sizes":[]},"_margin":{"unit":"px","top":"0","right":"0","bottom":"0","left":"0","isLinked":false},"_margin_mobile":{"unit":"px","top":"20","right":"0","bottom":"0","left":"0","isLinked":false},"_padding":{"unit":"px","top":"0","right":"0","bottom":"0","left":"0","isLinked":false},"_padding_tablet":{"unit":"px","top":"0","right":"0","bottom":"0","left":"0","isLinked":false},"_padding_mobile":{"unit":"px","top":"0","right":"0","bottom":"0","left":"0","isLinked":false},"pa_condition_repeater":[]},"elements":[],"isInner":false,"widgetType":"heading","elType":"widget"},{"id":"1c6d6505","settings":{"editor":"<p>A short paragraph describing your company\u2019s vision of what it hopes to achieve in the future. This section is meant to inspire people to join your company on its journey.<\/p>","text_color":"#000000","typography_typography":"custom","typography_font_size":{"unit":"px","size":20,"sizes":[]},"typography_font_weight":"300","_margin":{"unit":"px","top":"0","right":"0","bottom":"0","left":"0","isLinked":false},"_padding":{"unit":"px","top":"0","right":"0","bottom":"0","left":"0","isLinked":false},"pa_condition_repeater":[],"typography_font_size_tablet":{"unit":"px","size":16,"sizes":[]},"typography_font_size_mobile":{"unit":"px","size":16,"sizes":[]}},"elements":[],"isInner":false,"widgetType":"text-editor","elType":"widget"}],"isInner":false,"elType":"container"}],"isInner":false,"elType":"container"},{"id":"20ad62b0","settings":{"flex_direction":"row","content_width":"full","flex_justify_content":"center","padding":{"unit":"px","top":"0","right":"0","bottom":"0","left":"0","isLinked":false},"padding_mobile":{"unit":"px","top":"40","right":"20","bottom":"0","left":"20","isLinked":false},"css_classes":"pcwidth","pa_condition_repeater":[]},"elements":[{"id":"83f980","settings":{"title":"Customer Reviews","title_color":"#000000","typography_typography":"custom","typography_font_size":{"unit":"px","size":65,"sizes":[]},"typography_font_size_tablet":{"unit":"px","size":28,"sizes":[]},"typography_font_size_mobile":{"unit":"px","size":28,"sizes":[]},"typography_line_height":{"unit":"px","size":70,"sizes":[]},"typography_line_height_tablet":{"unit":"px","size":35,"sizes":[]},"typography_line_height_mobile":{"unit":"px","size":"","sizes":[]},"_margin":{"unit":"px","top":"0","right":"0","bottom":"0","left":"0","isLinked":false},"_margin_mobile":{"unit":"px","top":"0","right":"0","bottom":"0","left":"0","isLinked":false},"_padding":{"unit":"px","top":"0","right":"30","bottom":"0","left":"30","isLinked":false},"_padding_tablet":{"unit":"px","top":"0","right":"0","bottom":"0","left":"0","isLinked":false},"_padding_mobile":{"unit":"px","top":"0","right":"0","bottom":"0","left":"0","isLinked":false},"align":"center","align_mobile":"left","pa_condition_repeater":[]},"elements":[],"isInner":false,"widgetType":"heading","elType":"widget"}],"isInner":false,"elType":"container"},{"id":"7b70a2ee","settings":{"flex_direction":"row","flex_gap":{"unit":"%","size":5},"flex_gap_tablet":{"unit":"%","size":"","sizes":[]},"flex_gap_mobile":{"unit":"%","size":"","sizes":[]},"padding":{"unit":"%","top":"10","right":"5","bottom":"0","left":"5","isLinked":false},"padding_tablet":{"unit":"%","top":"","right":"","bottom":"","left":"","isLinked":true},"padding_mobile":{"unit":"px","top":"40","right":"20","bottom":"0","left":"20","isLinked":false},"_element_id":"section5","css_classes":"pcwidth","content_width":"full","width":{"unit":"%","size":100,"sizes":[]},"pa_condition_repeater":[]},"elements":[{"id":"1e5982f6","settings":{"flex_direction":"column","content_width":"full","width":{"unit":"%","size":33},"padding":{"unit":"px","top":"0","right":"0","bottom":"0","left":"0","isLinked":false},"flex_gap_mobile":{"unit":"px","size":5,"sizes":[]},"pa_condition_repeater":[]},"elements":[{"id":"2e479964","settings":{"align":"left","text_color":"#000000","typography_typography":"custom","typography_font_size":{"unit":"px","size":16,"sizes":[]},"typography_font_size_tablet":{"unit":"px","size":16,"sizes":[]},"typography_font_size_mobile":{"unit":"px","size":14,"sizes":[]},"_padding":{"unit":"px","top":"0","right":"5","bottom":"0","left":"5","isLinked":false},"_element_width":"initial","_element_width_tablet":"inherit","_element_width_mobile":"initial","_element_custom_width":{"unit":"px","size":450,"sizes":[]},"typography_font_weight":"300","_element_custom_width_mobile":{"unit":"px","size":450,"sizes":[]},"_flex_align_self_mobile":"center","editor":"<p>\u201cA review from a customer who benefited from your product. Reviews can be a highly effective way of establishing credibility and increasing your company's reputation.\u201d<\/p>","pa_condition_repeater":[]},"elements":[],"isInner":false,"widgetType":"text-editor","elType":"widget"},{"id":"427bd16c","settings":{"width_mobile":{"unit":"px","size":450,"sizes":[]},"boxed_width_mobile":{"unit":"px","size":450,"sizes":[]},"flex_direction":"row","flex_gap":{"unit":"px","size":5,"sizes":[]},"flex_gap_mobile":{"unit":"%","size":5,"sizes":[]},"padding":{"unit":"px","top":"0","right":"0","bottom":"0","left":"0","isLinked":false},"width":{"unit":"%","size":100,"sizes":[]},"boxed_width_tablet":{"unit":"custom","size":"","sizes":[]},"flex_gap_tablet":{"unit":"px","size":10,"sizes":[]},"padding_mobile":{"unit":"px","top":"0","right":"0","bottom":"40","left":"0","isLinked":false},"pa_condition_repeater":[]},"elements":[{"id":"55b763cc","settings":{"content_width":"full","width":{"unit":"%","size":20,"sizes":[]},"width_mobile":{"unit":"%","size":20,"sizes":[]},"padding":{"unit":"px","top":"0","right":"0","bottom":"0","left":"0","isLinked":false},"padding_mobile":{"unit":"px","top":"0","right":"0","bottom":"0","left":"0","isLinked":false},"width_tablet":{"unit":"%","size":25,"sizes":[]},"pa_condition_repeater":[]},"elements":[{"id":"169907c8","settings":{"image":{"url":"http:\/\/localhost\/staging\/wp-content\/uploads\/2023\/02\/Rectangle-11.png","id":98,"alt":"","source":"library"},"image_size":"full","align":"left","width":{"unit":"%","size":100,"sizes":[]},"width_tablet":{"unit":"px","size":"","sizes":[]},"width_mobile":{"unit":"px","size":"","sizes":[]},"space":{"unit":"px","size":60,"sizes":[]},"space_tablet":{"unit":"px","size":"","sizes":[]},"space_mobile":{"unit":"px","size":"","sizes":[]},"image_border_border":"none","image_border_radius":{"unit":"px","top":"100","right":"100","bottom":"100","left":"100","isLinked":true},"pa_condition_repeater":[]},"elements":[],"isInner":false,"widgetType":"image","elType":"widget"}],"isInner":false,"elType":"container"},{"id":"71fd04f6","settings":{"content_width":"full","width":{"unit":"%","size":75,"sizes":[]},"width_mobile":{"unit":"%","size":75,"sizes":[]},"flex_justify_content":"center","padding":{"unit":"px","top":"0","right":"0","bottom":"0","left":"0","isLinked":false},"padding_mobile":{"unit":"px","top":"0","right":"0","bottom":"0","left":"0","isLinked":false},"pa_condition_repeater":[]},"elements":[{"id":"55a5195c","settings":{"align":"left","text_color":"#000000","typography_typography":"custom","typography_font_size":{"unit":"px","size":16,"sizes":[]},"typography_font_size_tablet":{"unit":"px","size":16,"sizes":[]},"typography_font_size_mobile":{"unit":"px","size":14,"sizes":[]},"_padding":{"unit":"px","top":"0","right":"0","bottom":"0","left":"0","isLinked":false},"_element_width_tablet":"inherit","_element_width_mobile":"initial","_element_custom_width":{"unit":"px","size":450,"sizes":[]},"typography_font_weight":"400","_element_custom_width_mobile":{"unit":"px","size":450,"sizes":[]},"_flex_align_self_mobile":"center","editor":"Customer Name","pa_condition_repeater":[]},"elements":[],"isInner":false,"widgetType":"text-editor","elType":"widget"}],"isInner":false,"elType":"container"}],"isInner":false,"elType":"container"}],"isInner":false,"elType":"container"},{"id":"5b3c302e","settings":{"flex_direction":"column","content_width":"full","width":{"unit":"%","size":33},"padding":{"unit":"px","top":"0","right":"0","bottom":"0","left":"0","isLinked":false},"flex_gap_mobile":{"unit":"px","size":5,"sizes":[]},"pa_condition_repeater":[]},"elements":[{"id":"54d8e51b","settings":{"align":"left","text_color":"#000000","typography_typography":"custom","typography_font_size":{"unit":"px","size":16,"sizes":[]},"typography_font_size_tablet":{"unit":"px","size":16,"sizes":[]},"typography_font_size_mobile":{"unit":"px","size":14,"sizes":[]},"_padding":{"unit":"px","top":"0","right":"5","bottom":"0","left":"5","isLinked":false},"_element_width":"initial","_element_width_tablet":"inherit","_element_width_mobile":"initial","_element_custom_width":{"unit":"px","size":450,"sizes":[]},"typography_font_weight":"300","_element_custom_width_mobile":{"unit":"px","size":450,"sizes":[]},"_flex_align_self_mobile":"center","editor":"<p>\u201cA review from a customer who benefited from your product. Reviews can be a highly effective way of establishing credibility and increasing your company's reputation.\u201d<\/p>","pa_condition_repeater":[]},"elements":[],"isInner":false,"widgetType":"text-editor","elType":"widget"},{"id":"22e452c2","settings":{"width_mobile":{"unit":"px","size":450,"sizes":[]},"boxed_width_mobile":{"unit":"px","size":450,"sizes":[]},"flex_direction":"row","flex_gap":{"unit":"px","size":5,"sizes":[]},"flex_gap_mobile":{"unit":"%","size":5,"sizes":[]},"padding":{"unit":"px","top":"0","right":"0","bottom":"0","left":"0","isLinked":false},"width":{"unit":"%","size":100,"sizes":[]},"boxed_width_tablet":{"unit":"custom","size":"","sizes":[]},"flex_gap_tablet":{"unit":"px","size":10,"sizes":[]},"padding_mobile":{"unit":"px","top":"0","right":"0","bottom":"40","left":"0","isLinked":false},"pa_condition_repeater":[]},"elements":[{"id":"605cc656","settings":{"content_width":"full","width":{"unit":"%","size":20,"sizes":[]},"width_mobile":{"unit":"%","size":20,"sizes":[]},"padding":{"unit":"px","top":"0","right":"0","bottom":"0","left":"0","isLinked":false},"padding_mobile":{"unit":"px","top":"0","right":"0","bottom":"0","left":"0","isLinked":false},"width_tablet":{"unit":"%","size":25,"sizes":[]},"pa_condition_repeater":[]},"elements":[{"id":"703a5c4a","settings":{"image":{"url":"http:\/\/localhost\/staging\/wp-content\/uploads\/2023\/02\/Rectangle-11.png","id":98,"alt":"","source":"library"},"image_size":"full","align":"left","width":{"unit":"%","size":100,"sizes":[]},"width_tablet":{"unit":"px","size":"","sizes":[]},"width_mobile":{"unit":"px","size":"","sizes":[]},"space":{"unit":"px","size":60,"sizes":[]},"space_tablet":{"unit":"px","size":"","sizes":[]},"space_mobile":{"unit":"px","size":"","sizes":[]},"image_border_border":"none","image_border_radius":{"unit":"px","top":"100","right":"100","bottom":"100","left":"100","isLinked":true},"pa_condition_repeater":[]},"elements":[],"isInner":false,"widgetType":"image","elType":"widget"}],"isInner":false,"elType":"container"},{"id":"50ac52b8","settings":{"content_width":"full","width":{"unit":"%","size":75,"sizes":[]},"width_mobile":{"unit":"%","size":75,"sizes":[]},"flex_justify_content":"center","padding":{"unit":"px","top":"0","right":"0","bottom":"0","left":"0","isLinked":false},"padding_mobile":{"unit":"px","top":"0","right":"0","bottom":"0","left":"0","isLinked":false},"pa_condition_repeater":[]},"elements":[{"id":"4e11f154","settings":{"align":"left","text_color":"#000000","typography_typography":"custom","typography_font_size":{"unit":"px","size":16,"sizes":[]},"typography_font_size_tablet":{"unit":"px","size":16,"sizes":[]},"typography_font_size_mobile":{"unit":"px","size":14,"sizes":[]},"_padding":{"unit":"px","top":"0","right":"0","bottom":"0","left":"0","isLinked":false},"_element_width_tablet":"inherit","_element_width_mobile":"initial","_element_custom_width":{"unit":"px","size":450,"sizes":[]},"typography_font_weight":"400","_element_custom_width_mobile":{"unit":"px","size":450,"sizes":[]},"_flex_align_self_mobile":"center","editor":"Customer Name","pa_condition_repeater":[]},"elements":[],"isInner":false,"widgetType":"text-editor","elType":"widget"}],"isInner":false,"elType":"container"}],"isInner":false,"elType":"container"}],"isInner":false,"elType":"container"},{"id":"1656a7e6","settings":{"flex_direction":"column","content_width":"full","width":{"unit":"%","size":33},"padding":{"unit":"px","top":"0","right":"0","bottom":"0","left":"0","isLinked":false},"flex_gap_mobile":{"unit":"px","size":5,"sizes":[]},"pa_condition_repeater":[]},"elements":[{"id":"7679c417","settings":{"align":"left","text_color":"#000000","typography_typography":"custom","typography_font_size":{"unit":"px","size":16,"sizes":[]},"typography_font_size_tablet":{"unit":"px","size":16,"sizes":[]},"typography_font_size_mobile":{"unit":"px","size":14,"sizes":[]},"_padding":{"unit":"px","top":"0","right":"5","bottom":"0","left":"5","isLinked":false},"_element_width":"initial","_element_width_tablet":"inherit","_element_width_mobile":"initial","_element_custom_width":{"unit":"px","size":450,"sizes":[]},"typography_font_weight":"300","_element_custom_width_mobile":{"unit":"px","size":450,"sizes":[]},"_flex_align_self_mobile":"center","editor":"<p>\u201cA review from a customer who benefited from your product. Reviews can be a highly effective way of establishing credibility and increasing your company's reputation.\u201d<\/p>","pa_condition_repeater":[]},"elements":[],"isInner":false,"widgetType":"text-editor","elType":"widget"},{"id":"60406e07","settings":{"width_mobile":{"unit":"px","size":450,"sizes":[]},"boxed_width_mobile":{"unit":"px","size":450,"sizes":[]},"flex_direction":"row","flex_gap":{"unit":"px","size":5,"sizes":[]},"flex_gap_mobile":{"unit":"%","size":5,"sizes":[]},"padding":{"unit":"px","top":"0","right":"0","bottom":"0","left":"0","isLinked":false},"width":{"unit":"%","size":100,"sizes":[]},"boxed_width_tablet":{"unit":"custom","size":"","sizes":[]},"flex_gap_tablet":{"unit":"px","size":10,"sizes":[]},"padding_mobile":{"unit":"px","top":"0","right":"0","bottom":"40","left":"0","isLinked":false},"pa_condition_repeater":[]},"elements":[{"id":"2f72efbd","settings":{"content_width":"full","width":{"unit":"%","size":20,"sizes":[]},"width_mobile":{"unit":"%","size":20,"sizes":[]},"padding":{"unit":"px","top":"0","right":"0","bottom":"0","left":"0","isLinked":false},"padding_mobile":{"unit":"px","top":"0","right":"0","bottom":"0","left":"0","isLinked":false},"width_tablet":{"unit":"%","size":25,"sizes":[]},"pa_condition_repeater":[]},"elements":[{"id":"3b37afbc","settings":{"image":{"url":"http:\/\/localhost\/staging\/wp-content\/uploads\/2023\/02\/Rectangle-11.png","id":98,"alt":"","source":"library"},"image_size":"full","align":"left","width":{"unit":"%","size":100,"sizes":[]},"width_tablet":{"unit":"px","size":"","sizes":[]},"width_mobile":{"unit":"px","size":"","sizes":[]},"space":{"unit":"px","size":60,"sizes":[]},"space_tablet":{"unit":"px","size":"","sizes":[]},"space_mobile":{"unit":"px","size":"","sizes":[]},"image_border_border":"none","image_border_radius":{"unit":"px","top":"100","right":"100","bottom":"100","left":"100","isLinked":true},"pa_condition_repeater":[]},"elements":[],"isInner":false,"widgetType":"image","elType":"widget"}],"isInner":false,"elType":"container"},{"id":"7df38717","settings":{"content_width":"full","width":{"unit":"%","size":75,"sizes":[]},"width_mobile":{"unit":"%","size":75,"sizes":[]},"flex_justify_content":"center","padding":{"unit":"px","top":"0","right":"0","bottom":"0","left":"0","isLinked":false},"padding_mobile":{"unit":"px","top":"0","right":"0","bottom":"0","left":"0","isLinked":false},"pa_condition_repeater":[]},"elements":[{"id":"17929e51","settings":{"align":"left","text_color":"#000000","typography_typography":"custom","typography_font_size":{"unit":"px","size":16,"sizes":[]},"typography_font_size_tablet":{"unit":"px","size":16,"sizes":[]},"typography_font_size_mobile":{"unit":"px","size":14,"sizes":[]},"_padding":{"unit":"px","top":"0","right":"0","bottom":"0","left":"0","isLinked":false},"_element_width_tablet":"inherit","_element_width_mobile":"initial","_element_custom_width":{"unit":"px","size":450,"sizes":[]},"typography_font_weight":"400","_element_custom_width_mobile":{"unit":"px","size":450,"sizes":[]},"_flex_align_self_mobile":"center","editor":"Customer Name","pa_condition_repeater":[]},"elements":[],"isInner":false,"widgetType":"text-editor","elType":"widget"}],"isInner":false,"elType":"container"}],"isInner":false,"elType":"container"}],"isInner":false,"elType":"container"}],"isInner":false,"elType":"container"},{"id":"65c2f1b","settings":{"flex_direction":"column","content_width":"full","flex_justify_content":"center","padding":{"unit":"%","top":"15","right":"0","bottom":"15","left":"0","isLinked":false},"padding_mobile":{"unit":"px","top":"40","right":"20","bottom":"40","left":"20","isLinked":false},"css_classes":"pcwidth","background_background":"classic","background_color":"#F3F5F8","padding_tablet":{"unit":"%","top":"","right":"","bottom":"","left":"","isLinked":true},"pa_condition_repeater":[]},"elements":[{"id":"71c0910a","settings":{"title":"Join Our Newsletter","title_color":"#000000","typography_typography":"custom","typography_font_size":{"unit":"px","size":65,"sizes":[]},"typography_font_size_tablet":{"unit":"px","size":28,"sizes":[]},"typography_font_size_mobile":{"unit":"px","size":28,"sizes":[]},"typography_line_height":{"unit":"px","size":70,"sizes":[]},"typography_line_height_tablet":{"unit":"px","size":35,"sizes":[]},"typography_line_height_mobile":{"unit":"px","size":"","sizes":[]},"_margin":{"unit":"px","top":"0","right":"0","bottom":"0","left":"0","isLinked":false},"_margin_mobile":{"unit":"px","top":"0","right":"0","bottom":"0","left":"0","isLinked":false},"_padding":{"unit":"px","top":"0","right":"30","bottom":"0","left":"30","isLinked":false},"_padding_tablet":{"unit":"px","top":"0","right":"0","bottom":"0","left":"0","isLinked":false},"_padding_mobile":{"unit":"px","top":"0","right":"0","bottom":"0","left":"0","isLinked":false},"align":"center","align_mobile":"center","pa_condition_repeater":[]},"elements":[],"isInner":false,"widgetType":"heading","elType":"widget"},{"id":"5edb99ce","settings":{"title":"Subscribe to receive our latest updates in your inbox!","title_color":"#000000","typography_typography":"custom","typography_font_size":{"unit":"px","size":24,"sizes":[]},"typography_font_size_tablet":{"unit":"px","size":16,"sizes":[]},"typography_font_size_mobile":{"unit":"px","size":16,"sizes":[]},"typography_font_weight":"300","typography_line_height":{"unit":"px","size":34,"sizes":[]},"typography_line_height_tablet":{"unit":"px","size":26,"sizes":[]},"typography_line_height_mobile":{"unit":"px","size":"","sizes":[]},"_margin":{"unit":"px","top":"0","right":"0","bottom":"0","left":"0","isLinked":false},"_margin_mobile":{"unit":"px","top":"0","right":"0","bottom":"0","left":"0","isLinked":false},"_padding":{"unit":"px","top":"0","right":"0","bottom":"0","left":"0","isLinked":false},"_padding_tablet":{"unit":"px","top":"0","right":"0","bottom":"0","left":"0","isLinked":false},"_padding_mobile":{"unit":"px","top":"0","right":"0","bottom":"0","left":"0","isLinked":false},"header_size":"h3","align":"center","_margin_tablet":{"unit":"px","top":"0","right":"0","bottom":"0","left":"0","isLinked":false},"pa_condition_repeater":[]},"elements":[],"isInner":false,"widgetType":"heading","elType":"widget"},{"id":"219c4019","settings":{"html":"<form class=\"flexcolumns\" style=\"display:flex; max-width:450px; width:100%; margin:auto; gap: 10px;\">\n    <input type=\"text\" placeholder=\"Your email\" style=\"background-color:#F3F5F8;border-top: none;border-left: none;border-right: none; border-radius: 0px;\">\n    <input type=\"submit\" value=\"Subscribe\" class=\"subscribebtn\">\n<\/form>","pa_condition_repeater":[]},"elements":[],"isInner":false,"widgetType":"html","elType":"widget"}],"isInner":false,"elType":"container"}],"settings":{"template":"elementor_header_footer","hide_title":"yes"},"metadata":[]}