{"content":[{"id":"5f2d03ca","settings":{"flex_direction":"column","content_width":"full","flex_justify_content":"center","padding":{"unit":"custom","top":"calc(15% + 60px)","right":"0","bottom":"15%","left":"0","isLinked":false},"padding_mobile":{"unit":"px","top":"100","right":"20","bottom":"40","left":"20","isLinked":false},"css_classes":"pcwidth","background_background":"classic","background_color":"#F3F5F8","padding_tablet":{"unit":"custom","top":"","right":"","bottom":"","left":"","isLinked":true},"pa_condition_repeater":[]},"elements":[{"id":"bf4cb3e","settings":{"title":"Where to Buy","title_color":"#000000","typography_typography":"custom","typography_font_size":{"unit":"px","size":65,"sizes":[]},"typography_font_size_tablet":{"unit":"px","size":28,"sizes":[]},"typography_font_size_mobile":{"unit":"px","size":28,"sizes":[]},"typography_line_height":{"unit":"px","size":70,"sizes":[]},"typography_line_height_tablet":{"unit":"px","size":35,"sizes":[]},"typography_line_height_mobile":{"unit":"px","size":"","sizes":[]},"_margin":{"unit":"px","top":"0","right":"0","bottom":"0","left":"0","isLinked":false},"_margin_mobile":{"unit":"px","top":"0","right":"0","bottom":"0","left":"0","isLinked":false},"_padding":{"unit":"px","top":"0","right":"30","bottom":"0","left":"30","isLinked":false},"_padding_tablet":{"unit":"px","top":"0","right":"0","bottom":"0","left":"0","isLinked":false},"_padding_mobile":{"unit":"px","top":"0","right":"0","bottom":"0","left":"0","isLinked":false},"align":"center","align_mobile":"center","pa_condition_repeater":[]},"elements":[],"isInner":false,"widgetType":"heading","elType":"widget"},{"id":"272cce11","settings":{"title":"Use this page to list the locations a customer can purchase your products","title_color":"#000000","typography_typography":"custom","typography_font_size":{"unit":"px","size":24,"sizes":[]},"typography_font_size_tablet":{"unit":"px","size":16,"sizes":[]},"typography_font_size_mobile":{"unit":"px","size":16,"sizes":[]},"typography_font_weight":"300","typography_line_height":{"unit":"px","size":34,"sizes":[]},"typography_line_height_tablet":{"unit":"px","size":26,"sizes":[]},"typography_line_height_mobile":{"unit":"px","size":"","sizes":[]},"_margin":{"unit":"px","top":"0","right":"0","bottom":"0","left":"0","isLinked":false},"_margin_mobile":{"unit":"px","top":"0","right":"0","bottom":"0","left":"0","isLinked":false},"_padding":{"unit":"px","top":"0","right":"0","bottom":"0","left":"0","isLinked":false},"_padding_tablet":{"unit":"px","top":"0","right":"0","bottom":"0","left":"0","isLinked":false},"_padding_mobile":{"unit":"px","top":"0","right":"0","bottom":"0","left":"0","isLinked":false},"header_size":"h3","align":"center","pa_condition_repeater":[],"_element_width":"initial","_element_width_tablet":"initial","_element_custom_width":{"unit":"px","size":530,"sizes":[]},"_element_custom_width_tablet":{"unit":"px","size":375,"sizes":[]},"_flex_align_self":"center"},"elements":[],"isInner":false,"widgetType":"heading","elType":"widget"}],"isInner":false,"elType":"container"},{"id":"1b4fbd2b","settings":{"flex_direction":"row","flex_justify_content":"center","padding":{"unit":"custom","top":"15%","right":"30px","bottom":"0","left":"30px","isLinked":false},"padding_mobile":{"unit":"px","top":"40","right":"20","bottom":"0","left":"20","isLinked":false},"css_classes":"pcwidth","padding_tablet":{"unit":"custom","top":"15%","right":"20px","bottom":"0","left":"20px","isLinked":false},"pa_condition_repeater":[],"boxed_width":{"unit":"px","size":1350,"sizes":[]},"flex_direction_tablet":"column","flex_gap":{"unit":"px","size":0,"sizes":[]},"_flex_align_self":"center"},"elements":[{"id":"2db5c923","settings":{"flex_direction":"row","flex_gap":{"unit":"px","size":0,"sizes":[]},"padding":{"unit":"px","top":"0","right":"0","bottom":"0","left":"0","isLinked":false},"pa_condition_repeater":[]},"elements":[{"id":"4dbe9783","settings":{"content_width":"full","padding":{"unit":"px","top":"0","right":"0","bottom":"0","left":"0","isLinked":false},"pa_condition_repeater":[]},"elements":[{"id":"51997136","settings":{"title":"Location 1","header_size":"h3","title_color":"#000000","typography_typography":"custom","typography_font_size":{"unit":"px","size":18,"sizes":[]},"pa_condition_repeater":[]},"elements":[],"isInner":false,"widgetType":"heading","elType":"widget"},{"id":"1fcebd52","settings":{"editor":"123 Main Street, New York, NY\n<br>\nMon-Fri 9:00AM - 7:00PM\n<br>\n123-456-7890","text_color":"#000000","typography_typography":"custom","typography_font_size":{"unit":"px","size":16,"sizes":[]},"pa_condition_repeater":[]},"elements":[],"isInner":false,"widgetType":"text-editor","elType":"widget"}],"isInner":false,"elType":"container"},{"id":"6cb42d88","settings":{"content_width":"full","padding":{"unit":"px","top":"0","right":"0","bottom":"0","left":"0","isLinked":false},"padding_mobile":{"unit":"px","top":"40","right":"0","bottom":"0","left":"0","isLinked":false},"pa_condition_repeater":[]},"elements":[{"id":"1d730465","settings":{"title":"Location 2","header_size":"h3","title_color":"#000000","typography_typography":"custom","typography_font_size":{"unit":"px","size":18,"sizes":[]},"pa_condition_repeater":[]},"elements":[],"isInner":false,"widgetType":"heading","elType":"widget"},{"id":"48f4063f","settings":{"editor":"123 Main Street, New York, NY\n<br>\nMon-Fri 9:00AM - 7:00PM\n<br>\n123-456-7890","text_color":"#000000","typography_typography":"custom","typography_font_size":{"unit":"px","size":16,"sizes":[]},"pa_condition_repeater":[]},"elements":[],"isInner":false,"widgetType":"text-editor","elType":"widget"}],"isInner":false,"elType":"container"}],"isInner":false,"elType":"container"},{"id":"45d1fd7c","settings":{"content_width":"full","flex_direction":"row","flex_gap":{"unit":"px","size":0,"sizes":[]},"padding":{"unit":"px","top":"0","right":"0","bottom":"0","left":"0","isLinked":false},"padding_tablet":{"unit":"px","top":"40","right":"0","bottom":"0","left":"0","isLinked":false},"pa_condition_repeater":[]},"elements":[{"id":"6d57768c","settings":{"content_width":"full","padding":{"unit":"px","top":"0","right":"0","bottom":"0","left":"0","isLinked":false},"pa_condition_repeater":[]},"elements":[{"id":"4c701219","settings":{"title":"Location 3","header_size":"h3","title_color":"#000000","typography_typography":"custom","typography_font_size":{"unit":"px","size":18,"sizes":[]},"pa_condition_repeater":[]},"elements":[],"isInner":false,"widgetType":"heading","elType":"widget"},{"id":"36f0494f","settings":{"editor":"123 Main Street, New York, NY\n<br>\nMon-Fri 9:00AM - 7:00PM\n<br>\n123-456-7890","text_color":"#000000","typography_typography":"custom","typography_font_size":{"unit":"px","size":16,"sizes":[]},"pa_condition_repeater":[]},"elements":[],"isInner":false,"widgetType":"text-editor","elType":"widget"}],"isInner":false,"elType":"container"},{"id":"2271e2fc","settings":{"content_width":"full","padding":{"unit":"px","top":"0","right":"0","bottom":"0","left":"0","isLinked":false},"padding_mobile":{"unit":"px","top":"40","right":"0","bottom":"0","left":"0","isLinked":false},"pa_condition_repeater":[]},"elements":[{"id":"3f4e6844","settings":{"title":"Location 4","header_size":"h3","title_color":"#000000","typography_typography":"custom","typography_font_size":{"unit":"px","size":18,"sizes":[]},"pa_condition_repeater":[]},"elements":[],"isInner":false,"widgetType":"heading","elType":"widget"},{"id":"3d8553f7","settings":{"editor":"123 Main Street, New York, NY\n<br>\nMon-Fri 9:00AM - 7:00PM\n<br>\n123-456-7890","text_color":"#000000","typography_typography":"custom","typography_font_size":{"unit":"px","size":16,"sizes":[]},"pa_condition_repeater":[]},"elements":[],"isInner":false,"widgetType":"text-editor","elType":"widget"}],"isInner":false,"elType":"container"}],"isInner":false,"elType":"container"}],"isInner":false,"elType":"container"},{"id":"b16f096","settings":{"flex_direction":"row","flex_justify_content":"center","padding":{"unit":"custom","top":"10%","right":"30px","bottom":"0","left":"30px","isLinked":false},"padding_mobile":{"unit":"px","top":"40","right":"20","bottom":"40","left":"20","isLinked":false},"css_classes":"pcwidth","padding_tablet":{"unit":"px","top":"40","right":"20","bottom":"0","left":"20","isLinked":false},"pa_condition_repeater":[],"boxed_width":{"unit":"px","size":1350,"sizes":[]},"flex_direction_tablet":"column","flex_gap":{"unit":"px","size":0,"sizes":[]}},"elements":[{"id":"55be8031","settings":{"content_width":"full","flex_direction":"row","flex_gap":{"unit":"px","size":0,"sizes":[]},"padding":{"unit":"px","top":"0","right":"0","bottom":"0","left":"0","isLinked":false},"pa_condition_repeater":[]},"elements":[{"id":"6774ba53","settings":{"content_width":"full","padding":{"unit":"px","top":"0","right":"0","bottom":"0","left":"0","isLinked":false},"pa_condition_repeater":[]},"elements":[{"id":"52c796a4","settings":{"title":"Location 5","header_size":"h3","title_color":"#000000","typography_typography":"custom","typography_font_size":{"unit":"px","size":18,"sizes":[]},"pa_condition_repeater":[]},"elements":[],"isInner":false,"widgetType":"heading","elType":"widget"},{"id":"733f1e90","settings":{"editor":"123 Main Street, New York, NY\n<br>\nMon-Fri 9:00AM - 7:00PM\n<br>\n123-456-7890","text_color":"#000000","typography_typography":"custom","typography_font_size":{"unit":"px","size":16,"sizes":[]},"pa_condition_repeater":[]},"elements":[],"isInner":false,"widgetType":"text-editor","elType":"widget"}],"isInner":false,"elType":"container"},{"id":"77df6c72","settings":{"content_width":"full","padding":{"unit":"px","top":"0","right":"0","bottom":"0","left":"0","isLinked":false},"padding_mobile":{"unit":"px","top":"40","right":"0","bottom":"0","left":"0","isLinked":false},"pa_condition_repeater":[]},"elements":[{"id":"266876ec","settings":{"title":"Location 6","header_size":"h3","title_color":"#000000","typography_typography":"custom","typography_font_size":{"unit":"px","size":18,"sizes":[]},"pa_condition_repeater":[]},"elements":[],"isInner":false,"widgetType":"heading","elType":"widget"},{"id":"108a64d6","settings":{"editor":"123 Main Street, New York, NY\n<br>\nMon-Fri 9:00AM - 7:00PM\n<br>\n123-456-7890","text_color":"#000000","typography_typography":"custom","typography_font_size":{"unit":"px","size":16,"sizes":[]},"pa_condition_repeater":[]},"elements":[],"isInner":false,"widgetType":"text-editor","elType":"widget"}],"isInner":false,"elType":"container"}],"isInner":false,"elType":"container"},{"id":"52a4b769","settings":{"content_width":"full","flex_direction":"row","flex_gap":{"unit":"px","size":0,"sizes":[]},"padding":{"unit":"px","top":"0","right":"0","bottom":"0","left":"0","isLinked":false},"padding_tablet":{"unit":"px","top":"30","right":"0","bottom":"0","left":"0","isLinked":false},"pa_condition_repeater":[]},"elements":[{"id":"7e811478","settings":{"content_width":"full","padding":{"unit":"px","top":"0","right":"0","bottom":"0","left":"0","isLinked":false},"pa_condition_repeater":[]},"elements":[{"id":"25f66714","settings":{"title":"Location 7","header_size":"h3","title_color":"#000000","typography_typography":"custom","typography_font_size":{"unit":"px","size":18,"sizes":[]},"pa_condition_repeater":[]},"elements":[],"isInner":false,"widgetType":"heading","elType":"widget"},{"id":"611f0aa0","settings":{"editor":"123 Main Street, New York, NY\n<br>\nMon-Fri 9:00AM - 7:00PM\n<br>\n123-456-7890","text_color":"#000000","typography_typography":"custom","typography_font_size":{"unit":"px","size":16,"sizes":[]},"pa_condition_repeater":[]},"elements":[],"isInner":false,"widgetType":"text-editor","elType":"widget"}],"isInner":false,"elType":"container"},{"id":"300d7f5d","settings":{"content_width":"full","padding":{"unit":"px","top":"0","right":"0","bottom":"0","left":"0","isLinked":false},"padding_mobile":{"unit":"px","top":"40","right":"0","bottom":"0","left":"0","isLinked":false},"pa_condition_repeater":[]},"elements":[{"id":"1dc4407a","settings":{"title":"Location 8","header_size":"h3","title_color":"#000000","typography_typography":"custom","typography_font_size":{"unit":"px","size":18,"sizes":[]},"pa_condition_repeater":[]},"elements":[],"isInner":false,"widgetType":"heading","elType":"widget"},{"id":"59221e8","settings":{"editor":"123 Main Street, New York, NY\n<br>\nMon-Fri 9:00AM - 7:00PM\n<br>\n123-456-7890","text_color":"#000000","typography_typography":"custom","typography_font_size":{"unit":"px","size":16,"sizes":[]},"pa_condition_repeater":[]},"elements":[],"isInner":false,"widgetType":"text-editor","elType":"widget"}],"isInner":false,"elType":"container"}],"isInner":false,"elType":"container"}],"isInner":false,"elType":"container"},{"id":"13ce63cd","settings":{"flex_direction":"column","content_width":"full","flex_justify_content":"center","padding":{"unit":"%","top":"15","right":"0","bottom":"0","left":"0","isLinked":false},"padding_mobile":{"unit":"px","top":"40","right":"20","bottom":"0","left":"20","isLinked":false},"css_classes":"pcwidth","padding_tablet":{"unit":"%","top":"","right":"","bottom":"","left":"","isLinked":true},"pa_condition_repeater":[]},"elements":[{"id":"1e1339a0","settings":{"title":"Customer Reviews","title_color":"#000000","typography_typography":"custom","typography_font_size":{"unit":"px","size":65,"sizes":[]},"typography_font_size_tablet":{"unit":"px","size":28,"sizes":[]},"typography_font_size_mobile":{"unit":"px","size":28,"sizes":[]},"typography_line_height":{"unit":"px","size":70,"sizes":[]},"typography_line_height_tablet":{"unit":"px","size":35,"sizes":[]},"typography_line_height_mobile":{"unit":"px","size":"","sizes":[]},"_margin":{"unit":"px","top":"0","right":"0","bottom":"0","left":"0","isLinked":false},"_margin_mobile":{"unit":"px","top":"0","right":"0","bottom":"0","left":"0","isLinked":false},"_padding":{"unit":"px","top":"0","right":"30","bottom":"0","left":"30","isLinked":false},"_padding_tablet":{"unit":"px","top":"0","right":"0","bottom":"0","left":"0","isLinked":false},"_padding_mobile":{"unit":"px","top":"0","right":"0","bottom":"0","left":"0","isLinked":false},"align":"center","align_mobile":"center","pa_condition_repeater":[]},"elements":[],"isInner":false,"widgetType":"heading","elType":"widget"},{"id":"39d50f78","settings":{"title":"This is a gallery to showcase images from your recent social posts","title_color":"#000000","typography_typography":"custom","typography_font_size":{"unit":"px","size":24,"sizes":[]},"typography_font_size_tablet":{"unit":"px","size":16,"sizes":[]},"typography_font_size_mobile":{"unit":"px","size":16,"sizes":[]},"typography_font_weight":"300","typography_line_height":{"unit":"px","size":34,"sizes":[]},"typography_line_height_tablet":{"unit":"px","size":26,"sizes":[]},"typography_line_height_mobile":{"unit":"px","size":"","sizes":[]},"_margin":{"unit":"px","top":"0","right":"0","bottom":"0","left":"0","isLinked":false},"_margin_mobile":{"unit":"px","top":"0","right":"0","bottom":"0","left":"0","isLinked":false},"_padding":{"unit":"px","top":"0","right":"0","bottom":"0","left":"0","isLinked":false},"_padding_tablet":{"unit":"px","top":"0","right":"0","bottom":"0","left":"0","isLinked":false},"_padding_mobile":{"unit":"px","top":"0","right":"0","bottom":"0","left":"0","isLinked":false},"header_size":"h3","align":"center","pa_condition_repeater":[],"_margin_tablet":{"unit":"px","top":"0","right":"0","bottom":"0","left":"0","isLinked":false}},"elements":[],"isInner":false,"widgetType":"heading","elType":"widget"}],"isInner":false,"elType":"container"},{"id":"5dd55fa8","settings":{"flex_direction":"row","content_width":"full","flex_justify_content":"center","padding":{"unit":"%","top":"5","right":"0","bottom":"15","left":"0","isLinked":false},"padding_mobile":{"unit":"px","top":"40","right":"20","bottom":"40","left":"20","isLinked":false},"css_classes":"pcwidth","padding_tablet":{"unit":"%","top":"","right":"","bottom":"","left":"","isLinked":true},"pa_condition_repeater":[]},"elements":[{"id":"7c5e8c53","settings":{"wp_gallery":[{"id":98,"url":"http:\/\/localhost\/staging\/wp-content\/uploads\/2023\/02\/Rectangle-11.png"},{"id":551,"url":"http:\/\/localhost\/staging\/wp-content\/uploads\/2023\/02\/Rectangle-111.png"},{"id":552,"url":"http:\/\/localhost\/staging\/wp-content\/uploads\/2023\/02\/Rectangle-111-1.png"},{"id":553,"url":"http:\/\/localhost\/staging\/wp-content\/uploads\/2023\/02\/Rectangle-111-2.png"}],"thumbnail_size":"full","gallery_columns":"4","gallery_link":"none","open_lightbox":"no","image_spacing":"custom","image_spacing_custom":{"unit":"px","size":20,"sizes":[]},"_padding_tablet":{"unit":"px","top":"0","right":"20","bottom":"0","left":"20","isLinked":false},"_padding_mobile":{"unit":"px","top":"0","right":"0","bottom":"0","left":"0","isLinked":false},"_element_width":"initial","_element_custom_width":{"unit":"px","size":1000,"sizes":[]},"pa_condition_repeater":[]},"elements":[],"isInner":false,"widgetType":"image-gallery","elType":"widget"}],"isInner":false,"elType":"container"},{"id":"3025b060","settings":{"flex_direction":"column","content_width":"full","flex_justify_content":"center","padding":{"unit":"%","top":"15","right":"0","bottom":"15","left":"0","isLinked":false},"padding_mobile":{"unit":"px","top":"40","right":"20","bottom":"40","left":"20","isLinked":false},"css_classes":"pcwidth","background_background":"classic","background_color":"#F3F5F8","padding_tablet":{"unit":"%","top":"","right":"","bottom":"","left":"","isLinked":true},"pa_condition_repeater":[]},"elements":[{"id":"399d1862","settings":{"title":"Join Our Newsletter","title_color":"#000000","typography_typography":"custom","typography_font_size":{"unit":"px","size":65,"sizes":[]},"typography_font_size_tablet":{"unit":"px","size":28,"sizes":[]},"typography_font_size_mobile":{"unit":"px","size":28,"sizes":[]},"typography_line_height":{"unit":"px","size":70,"sizes":[]},"typography_line_height_tablet":{"unit":"px","size":35,"sizes":[]},"typography_line_height_mobile":{"unit":"px","size":"","sizes":[]},"_margin":{"unit":"px","top":"0","right":"0","bottom":"0","left":"0","isLinked":false},"_margin_mobile":{"unit":"px","top":"0","right":"0","bottom":"0","left":"0","isLinked":false},"_padding":{"unit":"px","top":"0","right":"30","bottom":"0","left":"30","isLinked":false},"_padding_tablet":{"unit":"px","top":"0","right":"0","bottom":"0","left":"0","isLinked":false},"_padding_mobile":{"unit":"px","top":"0","right":"0","bottom":"0","left":"0","isLinked":false},"align":"center","align_mobile":"center","pa_condition_repeater":[]},"elements":[],"isInner":false,"widgetType":"heading","elType":"widget"},{"id":"67735bbe","settings":{"title":"Subscribe to receive our latest updates in your inbox!","title_color":"#000000","typography_typography":"custom","typography_font_size":{"unit":"px","size":24,"sizes":[]},"typography_font_size_tablet":{"unit":"px","size":16,"sizes":[]},"typography_font_size_mobile":{"unit":"px","size":16,"sizes":[]},"typography_font_weight":"300","typography_line_height":{"unit":"px","size":34,"sizes":[]},"typography_line_height_tablet":{"unit":"px","size":26,"sizes":[]},"typography_line_height_mobile":{"unit":"px","size":"","sizes":[]},"_margin":{"unit":"px","top":"0","right":"0","bottom":"0","left":"0","isLinked":false},"_margin_mobile":{"unit":"px","top":"0","right":"0","bottom":"0","left":"0","isLinked":false},"_padding":{"unit":"px","top":"0","right":"0","bottom":"0","left":"0","isLinked":false},"_padding_tablet":{"unit":"px","top":"0","right":"0","bottom":"0","left":"0","isLinked":false},"_padding_mobile":{"unit":"px","top":"0","right":"0","bottom":"0","left":"0","isLinked":false},"header_size":"h3","align":"center","pa_condition_repeater":[],"_margin_tablet":{"unit":"px","top":"0","right":"0","bottom":"0","left":"0","isLinked":false}},"elements":[],"isInner":false,"widgetType":"heading","elType":"widget"},{"id":"56b76950","settings":{"html":"<form class=\"flexcolumns\" style=\"display:flex; max-width:450px; width:100%; margin:auto; gap: 10px;\">\n    <input type=\"text\" placeholder=\"Your email\" style=\"background-color:#F3F5F8;border-top: none;border-left: none;border-right: none; border-radius: 0px;\">\n    <input type=\"submit\" value=\"Subscribe\" class=\"subscribebtn\">\n<\/form>","pa_condition_repeater":[]},"elements":[],"isInner":false,"widgetType":"html","elType":"widget"}],"isInner":false,"elType":"container"}],"settings":{"template":"elementor_header_footer","hide_title":"yes"},"metadata":[]}