{"content":[{"id":"5ba14bc4","settings":{"flex_direction":"column","content_width":"full","flex_justify_content":"center","padding":{"unit":"px","top":"140","right":"0","bottom":"0","left":"0","isLinked":false},"padding_mobile":{"unit":"px","top":"100","right":"20","bottom":"0","left":"20","isLinked":false},"css_classes":"pcwidth","pa_condition_repeater":[],"padding_tablet":{"unit":"px","top":"100","right":"0","bottom":"0","left":"0","isLinked":false}},"elements":[{"id":"359aeb5a","settings":{"title":"Gallery","title_color":"#000000","typography_typography":"custom","typography_font_size":{"unit":"px","size":65,"sizes":[]},"typography_font_size_tablet":{"unit":"px","size":28,"sizes":[]},"typography_font_size_mobile":{"unit":"px","size":28,"sizes":[]},"typography_line_height":{"unit":"px","size":70,"sizes":[]},"typography_line_height_tablet":{"unit":"px","size":35,"sizes":[]},"typography_line_height_mobile":{"unit":"px","size":"","sizes":[]},"_margin":{"unit":"px","top":"0","right":"0","bottom":"0","left":"0","isLinked":false},"_margin_mobile":{"unit":"px","top":"0","right":"0","bottom":"0","left":"0","isLinked":false},"_padding":{"unit":"px","top":"0","right":"30","bottom":"0","left":"30","isLinked":false},"_padding_tablet":{"unit":"px","top":"0","right":"0","bottom":"0","left":"0","isLinked":false},"_padding_mobile":{"unit":"px","top":"0","right":"0","bottom":"0","left":"0","isLinked":false},"align":"center","align_mobile":"center","pa_condition_repeater":[]},"elements":[],"isInner":false,"widgetType":"heading","elType":"widget"},{"id":"153ffb2b","settings":{"title":"This is a gallery to showcase images of your products","title_color":"#000000","typography_typography":"custom","typography_font_size":{"unit":"px","size":24,"sizes":[]},"typography_font_size_tablet":{"unit":"px","size":16,"sizes":[]},"typography_font_size_mobile":{"unit":"px","size":16,"sizes":[]},"typography_font_weight":"300","typography_line_height":{"unit":"px","size":34,"sizes":[]},"typography_line_height_tablet":{"unit":"px","size":26,"sizes":[]},"typography_line_height_mobile":{"unit":"px","size":"","sizes":[]},"_margin":{"unit":"px","top":"0","right":"0","bottom":"0","left":"0","isLinked":false},"_margin_mobile":{"unit":"px","top":"0","right":"0","bottom":"0","left":"0","isLinked":false},"_padding":{"unit":"px","top":"0","right":"0","bottom":"0","left":"0","isLinked":false},"_padding_tablet":{"unit":"px","top":"0","right":"0","bottom":"0","left":"0","isLinked":false},"_padding_mobile":{"unit":"px","top":"0","right":"0","bottom":"0","left":"0","isLinked":false},"header_size":"h3","align":"center","pa_condition_repeater":[]},"elements":[],"isInner":false,"widgetType":"heading","elType":"widget"}],"isInner":false,"elType":"container"},{"id":"506d865b","settings":{"flex_direction":"row","content_width":"full","flex_justify_content":"center","padding":{"unit":"%","top":"5","right":"0","bottom":"15","left":"0","isLinked":false},"padding_mobile":{"unit":"px","top":"40","right":"20","bottom":"40","left":"20","isLinked":false},"css_classes":"pcwidth","padding_tablet":{"unit":"%","top":"","right":"","bottom":"","left":"","isLinked":true},"pa_condition_repeater":[]},"elements":[{"id":"4c0fa06f","settings":{"premium_gallery_column_number":"33.330%","premium_gallery_load_more":"yes","premium_gallery_load_more_text":"Load More","premium_gallery_first_cat_label":"All","premium_gallery_cats_content":[{"premium_gallery_img_cat":"Category 1","_id":"e996f9b"},{"premium_gallery_img_cat":"Category 2","_id":"64fd8e8"},{"_id":"330322c","premium_gallery_img_cat":"Category 3"},{"premium_gallery_img_cat":"Category 4","_id":"ad890cc"}],"url_flag":"cat","premium_gallery_img_content":[{"premium_gallery_img_name":"Image #1","premium_gallery_img_category":"Category 1","_id":"a297785","premium_gallery_img":{"url":"http:\/\/localhost\/staging\/wp-content\/uploads\/2023\/02\/Rectangle-11.png","id":98,"alt":"","source":"library"},"premium_gallery_lightbox_whole":"yes"},{"premium_gallery_img_name":"Image #2","premium_gallery_img_category":"Category 2","_id":"e9f58a5","premium_gallery_img":{"url":"http:\/\/localhost\/staging\/wp-content\/uploads\/2023\/02\/Rectangle-11.png","id":98,"alt":"","source":"library"},"premium_gallery_lightbox_whole":"yes"},{"premium_gallery_img_name":"Image #3","premium_gallery_img_category":"Category 2","premium_gallery_img":{"url":"http:\/\/localhost\/staging\/wp-content\/uploads\/2023\/02\/Rectangle-11.png","id":98,"alt":"","source":"library"},"_id":"3d69603","premium_gallery_lightbox_whole":"yes"},{"_id":"216db0c","premium_gallery_img":{"url":"http:\/\/localhost\/staging\/wp-content\/uploads\/2023\/02\/Rectangle-11.png","id":98,"alt":"","source":"library"},"premium_gallery_img_name":"Image #4","premium_gallery_img_category":"Category 3","premium_gallery_lightbox_whole":"yes"},{"premium_gallery_img":{"url":"http:\/\/localhost\/staging\/wp-content\/uploads\/2023\/02\/Rectangle-11.png","id":98,"alt":"","source":"library"},"premium_gallery_img_name":"Image #5","premium_gallery_img_category":"Category 3","_id":"44457b1","premium_gallery_lightbox_whole":"yes"},{"premium_gallery_img":{"url":"http:\/\/localhost\/staging\/wp-content\/uploads\/2023\/02\/Rectangle-11.png","id":98,"alt":"","source":"library"},"premium_gallery_img_name":"Image #6","premium_gallery_img_category":"Category 3","_id":"598da56","premium_gallery_lightbox_whole":"yes"},{"premium_gallery_img":{"url":"http:\/\/localhost\/staging\/wp-content\/uploads\/2023\/02\/Rectangle-11.png","id":98,"alt":"","source":"library"},"premium_gallery_img_name":"Image #7","premium_gallery_img_category":"Category 4","_id":"789d60c","premium_gallery_lightbox_whole":"yes"},{"premium_gallery_img":{"url":"http:\/\/localhost\/staging\/wp-content\/uploads\/2023\/02\/Rectangle-11.png","id":98,"alt":"","source":"library"},"premium_gallery_img_name":"Image #8","premium_gallery_img_category":"Category 4","_id":"069c4a8","premium_gallery_lightbox_whole":"yes"},{"premium_gallery_img":{"url":"http:\/\/localhost\/staging\/wp-content\/uploads\/2023\/02\/Rectangle-11.png","id":98,"alt":"","source":"library"},"premium_gallery_img_name":"Image #9","premium_gallery_img_category":"Category 4","_id":"505c72d","premium_gallery_lightbox_whole":"yes"}],"premium_gallery_img_style":"style2","lightbox_show_title":"","_margin":{"unit":"px","top":"0","right":"0","bottom":"0","left":"0","isLinked":false},"_padding":{"unit":"px","top":"0","right":"30","bottom":"0","left":"30","isLinked":false},"_element_width":"initial","_element_custom_width":{"unit":"px","size":1140,"sizes":[]},"pa_condition_repeater":[],"premium_gallery_column_number_tablet":"50%","premium_gallery_gap_mobile":{"unit":"px","size":0,"sizes":[]},"premium_gallery_general_margin_mobile":{"unit":"px","top":"0","right":"0","bottom":"0","left":"0","isLinked":false},"premium_gallery_general_padding_mobile":{"unit":"px","top":"0","right":"0","bottom":"0","left":"0","isLinked":false},"premium_gallery_img_margin_mobile":{"unit":"px","top":"10","right":"0","bottom":"10","left":"0","isLinked":false},"premium_gallery_img_padding_mobile":{"unit":"px","top":"0","right":"0","bottom":"0","left":"0","isLinked":false},"premium_gallery_content_margin_mobile":{"unit":"px","top":"0","right":"0","bottom":"0","left":"0","isLinked":false},"premium_gallery_icons_style_margin_mobile":{"unit":"px","top":"0","right":"0","bottom":"0","left":"0","isLinked":false},"premium_gallery_filter_margin_mobile":{"unit":"px","top":"0","right":"0","bottom":"0","left":"0","isLinked":false},"premium_gallery_button_typo_typography":"custom","premium_gallery_button_typo_font_size":{"unit":"px","size":16,"sizes":[]},"premium_gallery_button_typo_font_size_tablet":{"unit":"px","size":15,"sizes":[]},"premium_gallery_button_typo_font_size_mobile":{"unit":"px","size":14,"sizes":[]},"premium_gallery_button_typo_font_weight":"500","premium_gallery_button_color":"#FFFFFF","premium_gallery_button_spin_color":"#467FF7","premium_gallery_button_background_background":"classic","premium_gallery_button_background_color":"#467FF7","premium_gallery_button_border_border":"solid","premium_gallery_button_border_width":{"unit":"px","top":"2","right":"2","bottom":"2","left":"2","isLinked":true},"premium_gallery_button_border_color":"#467FF7","premium_gallery_button_border_radius":{"unit":"px","size":100,"sizes":[]},"premium_gallery_button_margin":{"unit":"px","top":"40","right":"0","bottom":"0","left":"0","isLinked":false},"premium_gallery_button_padding":{"unit":"px","top":"15","right":"30","bottom":"15","left":"30","isLinked":false},"premium_gallery_button_hover_color":"#467FF7","premium_gallery_button_background_hover_background":"classic","premium_gallery_button_background_hover_color":"#FFFFFF","premium_gallery_button_border_hover_border":"solid","premium_gallery_button_border_hover_width":{"unit":"px","top":"2","right":"2","bottom":"2","left":"2","isLinked":true},"premium_gallery_button_border_hover_color":"#467FF7","button_border_radius_hover":{"unit":"px","size":100,"sizes":[]},"_margin_mobile":{"unit":"px","top":"0","right":"0","bottom":"0","left":"0","isLinked":false},"_padding_mobile":{"unit":"px","top":"0","right":"0","bottom":"0","left":"0","isLinked":false},"_element_width_mobile":"inherit","premium_gallery_filter_typo_typography":"custom","premium_gallery_filter_typo_font_size":{"unit":"px","size":16,"sizes":[]},"premium_gallery_filter_border_radius":{"unit":"px","size":0,"sizes":[]},"premium_gallery_filter_border_hover_border":"solid","premium_gallery_filter_border_hover_width":{"unit":"px","top":"0","right":"0","bottom":"2","left":"0","isLinked":false},"premium_gallery_filter_border_radius_hover":{"unit":"px","size":0,"sizes":[]},"premium_gallery_filter_border_active_border":"solid","premium_gallery_filter_border_active_width":{"unit":"px","top":"0","right":"0","bottom":"2","left":"0","isLinked":false},"premium_gallery_filter_border_radius_active":{"unit":"px","size":0,"sizes":[]}},"elements":[],"isInner":false,"widgetType":"premium-img-gallery","elType":"widget"}],"isInner":false,"elType":"container"},{"id":"7e57f0bb","settings":{"flex_direction":"row","content_width":"full","flex_justify_content":"center","padding":{"unit":"px","top":"0","right":"0","bottom":"0","left":"0","isLinked":false},"padding_mobile":{"unit":"px","top":"40","right":"20","bottom":"0","left":"20","isLinked":false},"css_classes":"pcwidth","pa_condition_repeater":[]},"elements":[{"id":"3751cc97","settings":{"title":"Ready to Buy One of Our Products?","title_color":"#000000","typography_typography":"custom","typography_font_size":{"unit":"px","size":65,"sizes":[]},"typography_font_size_tablet":{"unit":"px","size":28,"sizes":[]},"typography_font_size_mobile":{"unit":"px","size":28,"sizes":[]},"typography_line_height":{"unit":"px","size":70,"sizes":[]},"typography_line_height_tablet":{"unit":"px","size":35,"sizes":[]},"typography_line_height_mobile":{"unit":"px","size":"","sizes":[]},"_margin":{"unit":"px","top":"0","right":"0","bottom":"0","left":"0","isLinked":false},"_margin_mobile":{"unit":"px","top":"0","right":"0","bottom":"0","left":"0","isLinked":false},"_padding":{"unit":"px","top":"0","right":"30","bottom":"0","left":"30","isLinked":false},"_padding_tablet":{"unit":"px","top":"0","right":"0","bottom":"0","left":"0","isLinked":false},"_padding_mobile":{"unit":"px","top":"0","right":"0","bottom":"0","left":"0","isLinked":false},"align":"center","align_mobile":"center","_element_width":"initial","_element_custom_width":{"unit":"px","size":1000,"sizes":[]},"pa_condition_repeater":[]},"elements":[],"isInner":false,"widgetType":"heading","elType":"widget"}],"isInner":false,"elType":"container"},{"id":"4c4fce4e","settings":{"flex_direction":"row","content_width":"full","flex_justify_content":"center","padding":{"unit":"%","top":"5","right":"0","bottom":"0","left":"0","isLinked":false},"_element_id":"section4","css_classes":"pcwidth","padding_mobile":{"unit":"px","top":"40","right":"20","bottom":"40","left":"20","isLinked":false},"pa_condition_repeater":[],"padding_tablet":{"unit":"%","top":"","right":"","bottom":"","left":"","isLinked":true}},"elements":[{"id":"659155f8","settings":{"text":"Where To Buy","align_mobile":"left","size":"md","typography_typography":"custom","typography_font_size":{"unit":"px","size":16,"sizes":[]},"typography_font_size_tablet":{"unit":"px","size":15,"sizes":[]},"typography_font_size_mobile":{"unit":"px","size":14,"sizes":[]},"typography_font_weight":"500","button_text_color":"#FFFFFF","background_color":"#467FF7","hover_color":"#467FF7","button_background_hover_color":"#FFFFFF","button_hover_border_color":"#467FF7","border_border":"solid","border_width":{"unit":"px","top":"2","right":"2","bottom":"2","left":"2","isLinked":true},"border_color":"#467FF7","border_radius":{"unit":"px","top":"100","right":"100","bottom":"100","left":"100","isLinked":true},"_margin":{"unit":"px","top":"0","right":"0","bottom":"0","left":"0","isLinked":false},"_margin_tablet":{"unit":"px","top":"0","right":"0","bottom":"0","left":"0","isLinked":false},"_margin_mobile":{"unit":"px","top":"0","right":"0","bottom":"0","left":"0","isLinked":false},"_padding":{"unit":"px","top":"0","right":"0","bottom":"0","left":"0","isLinked":false},"_padding_tablet":{"unit":"px","top":"0","right":"0","bottom":"0","left":"0","isLinked":false},"_padding_mobile":{"unit":"px","top":"0","right":"0","bottom":"0","left":"0","isLinked":false},"_element_custom_width_mobile":{"unit":"px","size":0,"sizes":[]},"_transform_scale_popover":"transform","button_type":"info","pa_condition_repeater":[]},"elements":[],"isInner":false,"widgetType":"button","elType":"widget"}],"isInner":false,"elType":"container"},{"id":"6dd7e40b","settings":{"flex_direction":"row","content_width":"full","flex_justify_content":"center","padding":{"unit":"px","top":"0","right":"0","bottom":"0","left":"0","isLinked":false},"padding_mobile":{"unit":"px","top":"40","right":"20","bottom":"0","left":"20","isLinked":false},"css_classes":"pcwidth","pa_condition_repeater":[]},"elements":[{"id":"393404a8","settings":{"title":"Customer Reviews","title_color":"#000000","typography_typography":"custom","typography_font_size":{"unit":"px","size":65,"sizes":[]},"typography_font_size_tablet":{"unit":"px","size":28,"sizes":[]},"typography_font_size_mobile":{"unit":"px","size":28,"sizes":[]},"typography_line_height":{"unit":"px","size":70,"sizes":[]},"typography_line_height_tablet":{"unit":"px","size":35,"sizes":[]},"typography_line_height_mobile":{"unit":"px","size":"","sizes":[]},"_margin":{"unit":"px","top":"0","right":"0","bottom":"0","left":"0","isLinked":false},"_margin_mobile":{"unit":"px","top":"0","right":"0","bottom":"0","left":"0","isLinked":false},"_padding":{"unit":"px","top":"0","right":"30","bottom":"0","left":"30","isLinked":false},"_padding_tablet":{"unit":"px","top":"0","right":"0","bottom":"0","left":"0","isLinked":false},"_padding_mobile":{"unit":"px","top":"0","right":"0","bottom":"0","left":"0","isLinked":false},"align":"center","align_mobile":"left","pa_condition_repeater":[]},"elements":[],"isInner":false,"widgetType":"heading","elType":"widget"}],"isInner":false,"elType":"container"},{"id":"1a99b4cd","settings":{"flex_direction":"row","flex_gap":{"unit":"%","size":5},"flex_gap_tablet":{"unit":"%","size":"","sizes":[]},"flex_gap_mobile":{"unit":"%","size":"","sizes":[]},"padding":{"unit":"%","top":"10","right":"5","bottom":"0","left":"5","isLinked":false},"padding_tablet":{"unit":"%","top":"","right":"","bottom":"","left":"","isLinked":true},"padding_mobile":{"unit":"px","top":"40","right":"20","bottom":"0","left":"20","isLinked":false},"_element_id":"section5","css_classes":"pcwidth","content_width":"full","width":{"unit":"%","size":100,"sizes":[]},"pa_condition_repeater":[]},"elements":[{"id":"1639a230","settings":{"flex_direction":"column","content_width":"full","width":{"unit":"%","size":33},"padding":{"unit":"px","top":"0","right":"0","bottom":"0","left":"0","isLinked":false},"flex_gap_mobile":{"unit":"px","size":5,"sizes":[]},"pa_condition_repeater":[]},"elements":[{"id":"45e5df11","settings":{"align":"left","text_color":"#000000","typography_typography":"custom","typography_font_size":{"unit":"px","size":16,"sizes":[]},"typography_font_size_tablet":{"unit":"px","size":16,"sizes":[]},"typography_font_size_mobile":{"unit":"px","size":14,"sizes":[]},"_padding":{"unit":"px","top":"0","right":"5","bottom":"0","left":"5","isLinked":false},"_element_width":"initial","_element_width_tablet":"inherit","_element_width_mobile":"initial","_element_custom_width":{"unit":"px","size":450,"sizes":[]},"typography_font_weight":"300","_element_custom_width_mobile":{"unit":"px","size":450,"sizes":[]},"_flex_align_self_mobile":"center","editor":"<p>\u201cA review from a customer who benefited from your product. Reviews can be a highly effective way of establishing credibility and increasing your company's reputation.\u201d<\/p>","pa_condition_repeater":[]},"elements":[],"isInner":false,"widgetType":"text-editor","elType":"widget"},{"id":"3e41c381","settings":{"width_mobile":{"unit":"px","size":450,"sizes":[]},"boxed_width_mobile":{"unit":"px","size":450,"sizes":[]},"flex_direction":"row","flex_gap":{"unit":"px","size":5,"sizes":[]},"flex_gap_mobile":{"unit":"%","size":5,"sizes":[]},"padding":{"unit":"px","top":"0","right":"0","bottom":"0","left":"0","isLinked":false},"width":{"unit":"%","size":100,"sizes":[]},"boxed_width_tablet":{"unit":"custom","size":"","sizes":[]},"flex_gap_tablet":{"unit":"px","size":10,"sizes":[]},"padding_mobile":{"unit":"px","top":"0","right":"0","bottom":"40","left":"0","isLinked":false},"pa_condition_repeater":[]},"elements":[{"id":"65a00943","settings":{"content_width":"full","width":{"unit":"%","size":20,"sizes":[]},"width_mobile":{"unit":"%","size":20,"sizes":[]},"padding":{"unit":"px","top":"0","right":"0","bottom":"0","left":"0","isLinked":false},"padding_mobile":{"unit":"px","top":"0","right":"0","bottom":"0","left":"0","isLinked":false},"width_tablet":{"unit":"%","size":25,"sizes":[]},"pa_condition_repeater":[]},"elements":[{"id":"3f1d072e","settings":{"image":{"url":"http:\/\/localhost\/staging\/wp-content\/uploads\/2023\/02\/Rectangle-11.png","id":98,"alt":"","source":"library"},"image_size":"full","align":"left","width":{"unit":"%","size":100,"sizes":[]},"width_tablet":{"unit":"px","size":"","sizes":[]},"width_mobile":{"unit":"px","size":"","sizes":[]},"space":{"unit":"px","size":60,"sizes":[]},"space_tablet":{"unit":"px","size":"","sizes":[]},"space_mobile":{"unit":"px","size":"","sizes":[]},"image_border_border":"none","image_border_radius":{"unit":"px","top":"100","right":"100","bottom":"100","left":"100","isLinked":true},"pa_condition_repeater":[]},"elements":[],"isInner":false,"widgetType":"image","elType":"widget"}],"isInner":false,"elType":"container"},{"id":"458b2e7a","settings":{"content_width":"full","width":{"unit":"%","size":75,"sizes":[]},"width_mobile":{"unit":"%","size":75,"sizes":[]},"flex_justify_content":"center","padding":{"unit":"px","top":"0","right":"0","bottom":"0","left":"0","isLinked":false},"padding_mobile":{"unit":"px","top":"0","right":"0","bottom":"0","left":"0","isLinked":false},"pa_condition_repeater":[]},"elements":[{"id":"35562868","settings":{"align":"left","text_color":"#000000","typography_typography":"custom","typography_font_size":{"unit":"px","size":16,"sizes":[]},"typography_font_size_tablet":{"unit":"px","size":16,"sizes":[]},"typography_font_size_mobile":{"unit":"px","size":14,"sizes":[]},"_padding":{"unit":"px","top":"0","right":"0","bottom":"0","left":"0","isLinked":false},"_element_width_tablet":"inherit","_element_width_mobile":"initial","_element_custom_width":{"unit":"px","size":450,"sizes":[]},"typography_font_weight":"400","_element_custom_width_mobile":{"unit":"px","size":450,"sizes":[]},"_flex_align_self_mobile":"center","editor":"Customer Name","pa_condition_repeater":[]},"elements":[],"isInner":false,"widgetType":"text-editor","elType":"widget"}],"isInner":false,"elType":"container"}],"isInner":false,"elType":"container"}],"isInner":false,"elType":"container"},{"id":"3eacd44f","settings":{"flex_direction":"column","content_width":"full","width":{"unit":"%","size":33},"padding":{"unit":"px","top":"0","right":"0","bottom":"0","left":"0","isLinked":false},"flex_gap_mobile":{"unit":"px","size":5,"sizes":[]},"pa_condition_repeater":[]},"elements":[{"id":"43b6c24b","settings":{"align":"left","text_color":"#000000","typography_typography":"custom","typography_font_size":{"unit":"px","size":16,"sizes":[]},"typography_font_size_tablet":{"unit":"px","size":16,"sizes":[]},"typography_font_size_mobile":{"unit":"px","size":14,"sizes":[]},"_padding":{"unit":"px","top":"0","right":"5","bottom":"0","left":"5","isLinked":false},"_element_width":"initial","_element_width_tablet":"inherit","_element_width_mobile":"initial","_element_custom_width":{"unit":"px","size":450,"sizes":[]},"typography_font_weight":"300","_element_custom_width_mobile":{"unit":"px","size":450,"sizes":[]},"_flex_align_self_mobile":"center","editor":"<p>\u201cA review from a customer who benefited from your product. Reviews can be a highly effective way of establishing credibility and increasing your company's reputation.\u201d<\/p>","pa_condition_repeater":[]},"elements":[],"isInner":false,"widgetType":"text-editor","elType":"widget"},{"id":"77413170","settings":{"width_mobile":{"unit":"px","size":450,"sizes":[]},"boxed_width_mobile":{"unit":"px","size":450,"sizes":[]},"flex_direction":"row","flex_gap":{"unit":"px","size":5,"sizes":[]},"flex_gap_mobile":{"unit":"%","size":5,"sizes":[]},"padding":{"unit":"px","top":"0","right":"0","bottom":"0","left":"0","isLinked":false},"width":{"unit":"%","size":100,"sizes":[]},"boxed_width_tablet":{"unit":"custom","size":"","sizes":[]},"flex_gap_tablet":{"unit":"px","size":10,"sizes":[]},"padding_mobile":{"unit":"px","top":"0","right":"0","bottom":"40","left":"0","isLinked":false},"pa_condition_repeater":[]},"elements":[{"id":"662de197","settings":{"content_width":"full","width":{"unit":"%","size":20,"sizes":[]},"width_mobile":{"unit":"%","size":20,"sizes":[]},"padding":{"unit":"px","top":"0","right":"0","bottom":"0","left":"0","isLinked":false},"padding_mobile":{"unit":"px","top":"0","right":"0","bottom":"0","left":"0","isLinked":false},"width_tablet":{"unit":"%","size":25,"sizes":[]},"pa_condition_repeater":[]},"elements":[{"id":"7177a9f9","settings":{"image":{"url":"http:\/\/localhost\/staging\/wp-content\/uploads\/2023\/02\/Rectangle-11.png","id":98,"alt":"","source":"library"},"image_size":"full","align":"left","width":{"unit":"%","size":100,"sizes":[]},"width_tablet":{"unit":"px","size":"","sizes":[]},"width_mobile":{"unit":"px","size":"","sizes":[]},"space":{"unit":"px","size":60,"sizes":[]},"space_tablet":{"unit":"px","size":"","sizes":[]},"space_mobile":{"unit":"px","size":"","sizes":[]},"image_border_border":"none","image_border_radius":{"unit":"px","top":"100","right":"100","bottom":"100","left":"100","isLinked":true},"pa_condition_repeater":[]},"elements":[],"isInner":false,"widgetType":"image","elType":"widget"}],"isInner":false,"elType":"container"},{"id":"3b7f274d","settings":{"content_width":"full","width":{"unit":"%","size":75,"sizes":[]},"width_mobile":{"unit":"%","size":75,"sizes":[]},"flex_justify_content":"center","padding":{"unit":"px","top":"0","right":"0","bottom":"0","left":"0","isLinked":false},"padding_mobile":{"unit":"px","top":"0","right":"0","bottom":"0","left":"0","isLinked":false},"pa_condition_repeater":[]},"elements":[{"id":"e6268b9","settings":{"align":"left","text_color":"#000000","typography_typography":"custom","typography_font_size":{"unit":"px","size":16,"sizes":[]},"typography_font_size_tablet":{"unit":"px","size":16,"sizes":[]},"typography_font_size_mobile":{"unit":"px","size":14,"sizes":[]},"_padding":{"unit":"px","top":"0","right":"0","bottom":"0","left":"0","isLinked":false},"_element_width_tablet":"inherit","_element_width_mobile":"initial","_element_custom_width":{"unit":"px","size":450,"sizes":[]},"typography_font_weight":"400","_element_custom_width_mobile":{"unit":"px","size":450,"sizes":[]},"_flex_align_self_mobile":"center","editor":"Customer Name","pa_condition_repeater":[]},"elements":[],"isInner":false,"widgetType":"text-editor","elType":"widget"}],"isInner":false,"elType":"container"}],"isInner":false,"elType":"container"}],"isInner":false,"elType":"container"},{"id":"f0dad8b","settings":{"flex_direction":"column","content_width":"full","width":{"unit":"%","size":33},"padding":{"unit":"px","top":"0","right":"0","bottom":"0","left":"0","isLinked":false},"flex_gap_mobile":{"unit":"px","size":5,"sizes":[]},"pa_condition_repeater":[]},"elements":[{"id":"74927e5d","settings":{"align":"left","text_color":"#000000","typography_typography":"custom","typography_font_size":{"unit":"px","size":16,"sizes":[]},"typography_font_size_tablet":{"unit":"px","size":16,"sizes":[]},"typography_font_size_mobile":{"unit":"px","size":14,"sizes":[]},"_padding":{"unit":"px","top":"0","right":"5","bottom":"0","left":"5","isLinked":false},"_element_width":"initial","_element_width_tablet":"inherit","_element_width_mobile":"initial","_element_custom_width":{"unit":"px","size":450,"sizes":[]},"typography_font_weight":"300","_element_custom_width_mobile":{"unit":"px","size":450,"sizes":[]},"_flex_align_self_mobile":"center","editor":"<p>\u201cA review from a customer who benefited from your product. Reviews can be a highly effective way of establishing credibility and increasing your company's reputation.\u201d<\/p>","pa_condition_repeater":[]},"elements":[],"isInner":false,"widgetType":"text-editor","elType":"widget"},{"id":"5b4f5fc9","settings":{"width_mobile":{"unit":"px","size":450,"sizes":[]},"boxed_width_mobile":{"unit":"px","size":450,"sizes":[]},"flex_direction":"row","flex_gap":{"unit":"px","size":5,"sizes":[]},"flex_gap_mobile":{"unit":"%","size":5,"sizes":[]},"padding":{"unit":"px","top":"0","right":"0","bottom":"0","left":"0","isLinked":false},"width":{"unit":"%","size":100,"sizes":[]},"boxed_width_tablet":{"unit":"custom","size":"","sizes":[]},"flex_gap_tablet":{"unit":"px","size":10,"sizes":[]},"padding_mobile":{"unit":"px","top":"0","right":"0","bottom":"40","left":"0","isLinked":false},"pa_condition_repeater":[]},"elements":[{"id":"6235615d","settings":{"content_width":"full","width":{"unit":"%","size":20,"sizes":[]},"width_mobile":{"unit":"%","size":20,"sizes":[]},"padding":{"unit":"px","top":"0","right":"0","bottom":"0","left":"0","isLinked":false},"padding_mobile":{"unit":"px","top":"0","right":"0","bottom":"0","left":"0","isLinked":false},"width_tablet":{"unit":"%","size":25,"sizes":[]},"pa_condition_repeater":[]},"elements":[{"id":"11a39531","settings":{"image":{"url":"http:\/\/localhost\/staging\/wp-content\/uploads\/2023\/02\/Rectangle-11.png","id":98,"alt":"","source":"library"},"image_size":"full","align":"left","width":{"unit":"%","size":100,"sizes":[]},"width_tablet":{"unit":"px","size":"","sizes":[]},"width_mobile":{"unit":"px","size":"","sizes":[]},"space":{"unit":"px","size":60,"sizes":[]},"space_tablet":{"unit":"px","size":"","sizes":[]},"space_mobile":{"unit":"px","size":"","sizes":[]},"image_border_border":"none","image_border_radius":{"unit":"px","top":"100","right":"100","bottom":"100","left":"100","isLinked":true},"pa_condition_repeater":[]},"elements":[],"isInner":false,"widgetType":"image","elType":"widget"}],"isInner":false,"elType":"container"},{"id":"619912a2","settings":{"content_width":"full","width":{"unit":"%","size":75,"sizes":[]},"width_mobile":{"unit":"%","size":75,"sizes":[]},"flex_justify_content":"center","padding":{"unit":"px","top":"0","right":"0","bottom":"0","left":"0","isLinked":false},"padding_mobile":{"unit":"px","top":"0","right":"0","bottom":"0","left":"0","isLinked":false},"pa_condition_repeater":[]},"elements":[{"id":"413672e0","settings":{"align":"left","text_color":"#000000","typography_typography":"custom","typography_font_size":{"unit":"px","size":16,"sizes":[]},"typography_font_size_tablet":{"unit":"px","size":16,"sizes":[]},"typography_font_size_mobile":{"unit":"px","size":14,"sizes":[]},"_padding":{"unit":"px","top":"0","right":"0","bottom":"0","left":"0","isLinked":false},"_element_width_tablet":"inherit","_element_width_mobile":"initial","_element_custom_width":{"unit":"px","size":450,"sizes":[]},"typography_font_weight":"400","_element_custom_width_mobile":{"unit":"px","size":450,"sizes":[]},"_flex_align_self_mobile":"center","editor":"Customer Name","pa_condition_repeater":[]},"elements":[],"isInner":false,"widgetType":"text-editor","elType":"widget"}],"isInner":false,"elType":"container"}],"isInner":false,"elType":"container"}],"isInner":false,"elType":"container"}],"isInner":false,"elType":"container"},{"id":"687a5fd1","settings":{"flex_direction":"column","content_width":"full","flex_justify_content":"center","padding":{"unit":"%","top":"15","right":"0","bottom":"15","left":"0","isLinked":false},"padding_mobile":{"unit":"px","top":"40","right":"20","bottom":"40","left":"20","isLinked":false},"css_classes":"pcwidth","background_background":"classic","background_color":"#F3F5F8","padding_tablet":{"unit":"%","top":"","right":"","bottom":"","left":"","isLinked":true},"pa_condition_repeater":[]},"elements":[{"id":"47d20a81","settings":{"title":"Join Our Newsletter","title_color":"#000000","typography_typography":"custom","typography_font_size":{"unit":"px","size":65,"sizes":[]},"typography_font_size_tablet":{"unit":"px","size":28,"sizes":[]},"typography_font_size_mobile":{"unit":"px","size":28,"sizes":[]},"typography_line_height":{"unit":"px","size":70,"sizes":[]},"typography_line_height_tablet":{"unit":"px","size":35,"sizes":[]},"typography_line_height_mobile":{"unit":"px","size":"","sizes":[]},"_margin":{"unit":"px","top":"0","right":"0","bottom":"0","left":"0","isLinked":false},"_margin_mobile":{"unit":"px","top":"0","right":"0","bottom":"0","left":"0","isLinked":false},"_padding":{"unit":"px","top":"0","right":"30","bottom":"0","left":"30","isLinked":false},"_padding_tablet":{"unit":"px","top":"0","right":"0","bottom":"0","left":"0","isLinked":false},"_padding_mobile":{"unit":"px","top":"0","right":"0","bottom":"0","left":"0","isLinked":false},"align":"center","align_mobile":"center","pa_condition_repeater":[]},"elements":[],"isInner":false,"widgetType":"heading","elType":"widget"},{"id":"4ffae703","settings":{"title":"Subscribe to receive our latest updates in your inbox!","title_color":"#000000","typography_typography":"custom","typography_font_size":{"unit":"px","size":24,"sizes":[]},"typography_font_size_tablet":{"unit":"px","size":16,"sizes":[]},"typography_font_size_mobile":{"unit":"px","size":16,"sizes":[]},"typography_font_weight":"300","typography_line_height":{"unit":"px","size":34,"sizes":[]},"typography_line_height_tablet":{"unit":"px","size":26,"sizes":[]},"typography_line_height_mobile":{"unit":"px","size":"","sizes":[]},"_margin":{"unit":"px","top":"0","right":"0","bottom":"0","left":"0","isLinked":false},"_margin_mobile":{"unit":"px","top":"0","right":"0","bottom":"0","left":"0","isLinked":false},"_padding":{"unit":"px","top":"0","right":"0","bottom":"0","left":"0","isLinked":false},"_padding_tablet":{"unit":"px","top":"0","right":"0","bottom":"0","left":"0","isLinked":false},"_padding_mobile":{"unit":"px","top":"0","right":"0","bottom":"0","left":"0","isLinked":false},"header_size":"h3","align":"center","pa_condition_repeater":[]},"elements":[],"isInner":false,"widgetType":"heading","elType":"widget"},{"id":"76080a4b","settings":{"html":"<form class=\"flexcolumns\" style=\"display:flex; max-width:450px; width:100%; margin:auto; gap: 10px;\">\n    <input type=\"text\" placeholder=\"Your email\" style=\"background-color:#F3F5F8;border-top: none;border-left: none;border-right: none; border-radius: 0px;\">\n    <input type=\"submit\" value=\"Subscribe\" class=\"subscribebtn\">\n<\/form>","pa_condition_repeater":[]},"elements":[],"isInner":false,"widgetType":"html","elType":"widget"}],"isInner":false,"elType":"container"}],"settings":{"template":"elementor_header_footer","hide_title":"yes"},"metadata":[]}