{"content":[{"id":"29227779","settings":{"flex_direction":"row","flex_gap":{"unit":"px","size":0},"content_width":"full","width":{"unit":"%","size":100,"sizes":[]},"boxed_width":{"unit":"px","size":1600,"sizes":[]},"margin":{"unit":"px","top":"0","right":"0","bottom":"0","left":"0","isLinked":false},"padding":{"unit":"px","top":"60","right":"0","bottom":"0","left":"30","isLinked":false},"padding_tablet":{"unit":"px","top":"60","right":"20","bottom":"0","left":"20","isLinked":false},"padding_mobile":{"unit":"px","top":"60","right":"20","bottom":"40","left":"20","isLinked":false},"flex_direction_mobile":"column-reverse","css_classes":"pcwidth","margin_tablet":{"unit":"%","top":"","right":"","bottom":"","left":"","isLinked":true},"margin_mobile":{"unit":"%","top":"","right":"","bottom":"","left":"","isLinked":true},"_element_id":"section1","pa_condition_repeater":[]},"elements":[{"id":"13db3103","settings":{"flex_direction":"column","content_width":"full","width":{"unit":"%","size":50},"padding":{"unit":"px","top":"0","right":"0","bottom":"0","left":"0","isLinked":false},"_flex_align_self":"center","flex_direction_mobile":"column","flex_gap":{"unit":"px","size":20,"sizes":[]},"flex_gap_tablet":{"unit":"px","size":20,"sizes":[]},"flex_gap_mobile":{"unit":"px","size":20,"sizes":[]},"margin_mobile":{"unit":"px","top":"0","right":"0","bottom":"0","left":"0","isLinked":false},"padding_mobile":{"unit":"px","top":"0","right":"0","bottom":"0","left":"0","isLinked":false},"pa_condition_repeater":[]},"elements":[{"id":"476a0bb1","settings":{"title":"This Headline Grabs\nVisitors\u2019 Attention","header_size":"h1","title_color":"#000000","typography_typography":"custom","typography_font_size":{"unit":"px","size":65,"sizes":[]},"typography_font_size_tablet":{"unit":"px","size":28,"sizes":[]},"typography_font_size_mobile":{"unit":"px","size":28,"sizes":[]},"typography_line_height":{"unit":"px","size":70,"sizes":[]},"typography_line_height_tablet":{"unit":"px","size":35,"sizes":[]},"typography_line_height_mobile":{"unit":"px","size":"","sizes":[]},"_margin":{"unit":"px","top":"0","right":"30","bottom":"0","left":"0","isLinked":false},"_margin_mobile":{"unit":"px","top":"20","right":"0","bottom":"0","left":"0","isLinked":false},"_padding":{"unit":"px","top":"0","right":"0","bottom":"0","left":"0","isLinked":false},"_padding_tablet":{"unit":"px","top":"0","right":"0","bottom":"0","left":"0","isLinked":false},"_padding_mobile":{"unit":"px","top":"0","right":"0","bottom":"0","left":"0","isLinked":false},"pa_condition_repeater":[]},"elements":[],"isInner":false,"widgetType":"heading","elType":"widget"},{"id":"7ae88b8b","settings":{"title":"A short description of your business and the products you offer.","title_color":"#000000","typography_typography":"custom","typography_font_size":{"unit":"px","size":24,"sizes":[]},"typography_font_size_tablet":{"unit":"px","size":16,"sizes":[]},"typography_font_size_mobile":{"unit":"px","size":16,"sizes":[]},"typography_font_weight":"300","typography_line_height":{"unit":"px","size":34,"sizes":[]},"typography_line_height_tablet":{"unit":"px","size":26,"sizes":[]},"typography_line_height_mobile":{"unit":"px","size":"","sizes":[]},"_margin":{"unit":"px","top":"0","right":"30","bottom":"0","left":"0","isLinked":false},"_margin_mobile":{"unit":"px","top":"0","right":"0","bottom":"0","left":"0","isLinked":false},"_padding":{"unit":"px","top":"0","right":"0","bottom":"0","left":"0","isLinked":false},"_padding_tablet":{"unit":"px","top":"0","right":"0","bottom":"0","left":"0","isLinked":false},"_padding_mobile":{"unit":"px","top":"0","right":"0","bottom":"0","left":"0","isLinked":false},"pa_condition_repeater":[]},"elements":[],"isInner":false,"widgetType":"heading","elType":"widget"},{"id":"581a8254","settings":{"text":"Learn More","align_mobile":"left","size":"md","typography_typography":"custom","typography_font_size":{"unit":"px","size":16,"sizes":[]},"typography_font_size_tablet":{"unit":"px","size":15,"sizes":[]},"typography_font_size_mobile":{"unit":"px","size":14,"sizes":[]},"typography_font_weight":"500","button_text_color":"#FFFFFF","background_color":"#467FF7","hover_color":"#467FF7","button_background_hover_color":"#FFFFFF","button_hover_border_color":"#467FF7","border_border":"solid","border_width":{"unit":"px","top":"2","right":"2","bottom":"2","left":"2","isLinked":true},"border_color":"#467FF7","border_radius":{"unit":"px","top":"100","right":"100","bottom":"100","left":"100","isLinked":true},"_margin":{"unit":"px","top":"30","right":"0","bottom":"0","left":"0","isLinked":false},"_margin_tablet":{"unit":"px","top":"0","right":"0","bottom":"0","left":"0","isLinked":false},"_margin_mobile":{"unit":"px","top":"0","right":"0","bottom":"0","left":"0","isLinked":false},"_padding":{"unit":"px","top":"0","right":"0","bottom":"0","left":"0","isLinked":false},"_padding_tablet":{"unit":"px","top":"0","right":"0","bottom":"0","left":"0","isLinked":false},"_padding_mobile":{"unit":"px","top":"0","right":"0","bottom":"0","left":"0","isLinked":false},"_element_custom_width_mobile":{"unit":"px","size":0,"sizes":[]},"_transform_scale_popover":"transform","button_type":"info","pa_condition_repeater":[]},"elements":[],"isInner":false,"widgetType":"button","elType":"widget"}],"isInner":false,"elType":"container"},{"id":"26299839","settings":{"flex_direction":"column","content_width":"full","width":{"unit":"%","size":50},"padding":{"unit":"px","top":"0","right":"0","bottom":"0","left":"0","isLinked":false},"pa_condition_repeater":[]},"elements":[{"id":"7ce26152","settings":{"image_size":"full","image":{"url":"http:\/\/localhost\/staging\/wp-content\/uploads\/2023\/02\/Rectangle-11.png","id":98,"alt":"","source":"library"},"pa_condition_repeater":[]},"elements":[],"isInner":false,"widgetType":"image","elType":"widget"}],"isInner":false,"elType":"container"}],"isInner":false,"elType":"container"},{"id":"618be74c","settings":{"flex_direction":"row","flex_gap":{"unit":"px","size":0},"content_width":"full","width":{"unit":"%","size":100,"sizes":[]},"boxed_width":{"unit":"px","size":1600,"sizes":[]},"margin":{"unit":"px","top":"0","right":"0","bottom":"0","left":"0","isLinked":false},"padding":{"unit":"px","top":"0","right":"40","bottom":"0","left":"0","isLinked":false},"padding_tablet":{"unit":"px","top":"0","right":"20","bottom":"0","left":"20","isLinked":false},"padding_mobile":{"unit":"px","top":"40","right":"20","bottom":"40","left":"20","isLinked":false},"flex_direction_mobile":"column","css_classes":"pcwidth","margin_tablet":{"unit":"%","top":"","right":"","bottom":"","left":"","isLinked":true},"margin_mobile":{"unit":"%","top":"","right":"","bottom":"","left":"","isLinked":true},"_element_id":"section2","pa_condition_repeater":[]},"elements":[{"id":"83b5dd5","settings":{"flex_direction":"column","content_width":"full","width":{"unit":"%","size":"50"},"padding":{"unit":"px","top":"0","right":"0","bottom":"0","left":"0","isLinked":false},"pa_condition_repeater":[]},"elements":[{"id":"3f65d63e","settings":{"image_size":"full","image":{"url":"http:\/\/localhost\/staging\/wp-content\/uploads\/2023\/02\/Rectangle-11.png","id":98,"alt":"","source":"library"},"pa_condition_repeater":[]},"elements":[],"isInner":false,"widgetType":"image","elType":"widget"}],"isInner":false,"elType":"container"},{"id":"77e857ab","settings":{"flex_direction":"column","content_width":"full","width":{"unit":"%","size":"50"},"padding":{"unit":"%","top":"0","right":"0","bottom":"0","left":"5","isLinked":false},"_flex_align_self":"center","flex_direction_mobile":"column","flex_gap":{"unit":"px","size":20,"sizes":[]},"flex_gap_tablet":{"unit":"px","size":20,"sizes":[]},"flex_gap_mobile":{"unit":"px","size":20,"sizes":[]},"margin_mobile":{"unit":"px","top":"0","right":"0","bottom":"0","left":"0","isLinked":false},"padding_tablet":{"unit":"%","top":"","right":"","bottom":"","left":"","isLinked":true},"padding_mobile":{"unit":"px","top":"0","right":"0","bottom":"0","left":"0","isLinked":false},"pa_condition_repeater":[]},"elements":[{"id":"da59478","settings":{"title":"About Our Company","title_color":"#000000","typography_typography":"custom","typography_font_size":{"unit":"px","size":65,"sizes":[]},"typography_font_size_tablet":{"unit":"px","size":28,"sizes":[]},"typography_font_size_mobile":{"unit":"px","size":28,"sizes":[]},"typography_line_height":{"unit":"px","size":70,"sizes":[]},"typography_line_height_tablet":{"unit":"px","size":35,"sizes":[]},"typography_line_height_mobile":{"unit":"px","size":"","sizes":[]},"_margin":{"unit":"px","top":"0","right":"0","bottom":"0","left":"0","isLinked":false},"_margin_mobile":{"unit":"px","top":"20","right":"0","bottom":"0","left":"0","isLinked":false},"_padding":{"unit":"px","top":"0","right":"0","bottom":"0","left":"0","isLinked":false},"_padding_tablet":{"unit":"px","top":"0","right":"0","bottom":"0","left":"0","isLinked":false},"_padding_mobile":{"unit":"px","top":"0","right":"0","bottom":"0","left":"0","isLinked":false},"pa_condition_repeater":[]},"elements":[],"isInner":false,"widgetType":"heading","elType":"widget"},{"id":"2b418b42","settings":{"editor":"<p>Use this section to describe your company and the products you offer. You could share your company\u2019s story and details about why you are in business. The goal is to create a connection with the visitor and give them confidence to buy from you.<\/p>","text_color":"#000000","typography_typography":"custom","typography_font_size":{"unit":"px","size":16,"sizes":[]},"typography_font_weight":"300","_margin":{"unit":"px","top":"0","right":"0","bottom":"0","left":"0","isLinked":false},"_padding":{"unit":"px","top":"0","right":"0","bottom":"0","left":"0","isLinked":false},"pa_condition_repeater":[]},"elements":[],"isInner":false,"widgetType":"text-editor","elType":"widget"},{"id":"75d0bebd","settings":{"text":"About us","align_mobile":"left","size":"md","typography_typography":"custom","typography_font_size":{"unit":"px","size":16,"sizes":[]},"typography_font_size_tablet":{"unit":"px","size":15,"sizes":[]},"typography_font_size_mobile":{"unit":"px","size":14,"sizes":[]},"typography_font_weight":"500","button_text_color":"#FFFFFF","background_color":"#467FF7","hover_color":"#467FF7","button_background_hover_color":"#FFFFFF","button_hover_border_color":"#467FF7","border_border":"solid","border_width":{"unit":"px","top":"2","right":"2","bottom":"2","left":"2","isLinked":true},"border_color":"#467FF7","border_radius":{"unit":"px","top":"100","right":"100","bottom":"100","left":"100","isLinked":true},"_margin":{"unit":"px","top":"0","right":"0","bottom":"0","left":"0","isLinked":false},"_margin_tablet":{"unit":"px","top":"0","right":"0","bottom":"0","left":"0","isLinked":false},"_margin_mobile":{"unit":"px","top":"0","right":"0","bottom":"0","left":"0","isLinked":false},"_padding":{"unit":"px","top":"0","right":"0","bottom":"0","left":"0","isLinked":false},"_padding_tablet":{"unit":"px","top":"0","right":"0","bottom":"0","left":"0","isLinked":false},"_padding_mobile":{"unit":"px","top":"0","right":"0","bottom":"0","left":"0","isLinked":false},"_element_custom_width_mobile":{"unit":"px","size":0,"sizes":[]},"_transform_scale_popover":"transform","button_type":"info","pa_condition_repeater":[]},"elements":[],"isInner":false,"widgetType":"button","elType":"widget"}],"isInner":false,"elType":"container"}],"isInner":false,"elType":"container"},{"id":"780d6c1f","settings":{"flex_direction":"row","flex_gap":{"unit":"px","size":0},"content_width":"full","width":{"unit":"%","size":100,"sizes":[]},"boxed_width":{"unit":"px","size":1600,"sizes":[]},"margin":{"unit":"px","top":"0","right":"0","bottom":"0","left":"0","isLinked":false},"padding":{"unit":"px","top":"0","right":"0","bottom":"0","left":"30","isLinked":false},"padding_tablet":{"unit":"px","top":"0","right":"20","bottom":"0","left":"20","isLinked":false},"padding_mobile":{"unit":"px","top":"40","right":"20","bottom":"40","left":"20","isLinked":false},"flex_direction_mobile":"column","css_classes":"pcwidth","_element_id":"section3","flex_direction_tablet":"column","pa_condition_repeater":[]},"elements":[{"id":"2215bb2c","settings":{"flex_direction":"column","content_width":"full","width":{"unit":"%","size":40},"padding":{"unit":"px","top":"0","right":"0","bottom":"0","left":"0","isLinked":false},"flex_direction_mobile":"column","flex_gap":{"unit":"px","size":20,"sizes":[]},"flex_gap_tablet":{"unit":"px","size":20,"sizes":[]},"flex_gap_mobile":{"unit":"px","size":20,"sizes":[]},"css_classes":"sticky-parent","width_tablet":{"unit":"%","size":100,"sizes":[]},"width_mobile":{"unit":"%","size":"","sizes":[]},"padding_mobile":{"unit":"px","top":"0","right":"0","bottom":"0","left":"0","isLinked":false},"pa_condition_repeater":[]},"elements":[{"id":"1eaf0c5c","settings":{"title":"A Title Introducing Your Products","title_color":"#000000","typography_typography":"custom","typography_font_size":{"unit":"px","size":65,"sizes":[]},"typography_font_size_tablet":{"unit":"px","size":28,"sizes":[]},"typography_font_size_mobile":{"unit":"px","size":28,"sizes":[]},"typography_line_height":{"unit":"px","size":70,"sizes":[]},"typography_line_height_tablet":{"unit":"px","size":35,"sizes":[]},"typography_line_height_mobile":{"unit":"px","size":"","sizes":[]},"_margin":{"unit":"px","top":"0","right":"20","bottom":"0","left":"0","isLinked":false},"_margin_mobile":{"unit":"px","top":"0","right":"0","bottom":"0","left":"0","isLinked":false},"_padding":{"unit":"px","top":"0","right":"0","bottom":"0","left":"0","isLinked":false},"_padding_tablet":{"unit":"px","top":"0","right":"0","bottom":"0","left":"0","isLinked":false},"_padding_mobile":{"unit":"px","top":"0","right":"0","bottom":"0","left":"0","isLinked":false},"_css_classes":"sticky-column","align_mobile":"center","pa_condition_repeater":[]},"elements":[],"isInner":false,"widgetType":"heading","elType":"widget"}],"isInner":false,"elType":"container"},{"id":"36ebd509","settings":{"flex_direction":"column","content_width":"full","width":{"unit":"%","size":60},"padding":{"unit":"px","top":"0","right":"0","bottom":"0","left":"0","isLinked":false},"width_tablet":{"unit":"%","size":100,"sizes":[]},"width_mobile":{"unit":"%","size":"","sizes":[]},"flex_gap_tablet":{"unit":"px","size":0,"sizes":[]},"pa_condition_repeater":[]},"elements":[{"id":"65aa0dd","settings":{"content_width":"full","boxed_width":{"unit":"%","size":50,"sizes":[]},"boxed_width_tablet":{"unit":"%","size":"","sizes":[]},"boxed_width_mobile":{"unit":"%","size":"","sizes":[]},"flex_direction":"row","padding":{"unit":"px","top":"90","right":"0","bottom":"0","left":"0","isLinked":false},"padding_tablet":{"unit":"px","top":"40","right":"0","bottom":"0","left":"0","isLinked":false},"padding_mobile":{"unit":"px","top":"40","right":"0","bottom":"0","left":"0","isLinked":false},"flex_gap":{"unit":"px","size":0,"sizes":[]},"pa_condition_repeater":[]},"elements":[{"id":"45f51d3d","settings":{"content_width":"full","width":{"unit":"%","size":50,"sizes":[]},"boxed_width":{"unit":"%","size":50,"sizes":[]},"boxed_width_tablet":{"unit":"%","size":"","sizes":[]},"boxed_width_mobile":{"unit":"%","size":"","sizes":[]},"padding":{"unit":"%","top":"0","right":"2","bottom":"0","left":"0","isLinked":false},"padding_mobile":{"unit":"px","top":"0","right":"0","bottom":"40","left":"0","isLinked":false},"padding_tablet":{"unit":"%","top":"0","right":"2","bottom":"0","left":"0","isLinked":false},"pa_condition_repeater":[]},"elements":[{"id":"726d6594","settings":{"image":{"url":"http:\/\/localhost\/staging\/wp-content\/uploads\/2023\/02\/Rectangle-11-2.png","id":99,"alt":"","source":"library"},"image_size":"full","align":"center","_element_width":"initial","_element_width_tablet":"inherit","_element_width_mobile":"initial","_element_custom_width":{"unit":"px","size":450,"sizes":[]},"_element_custom_width_mobile":{"unit":"px","size":450,"sizes":[]},"_flex_align_self_mobile":"center","pa_condition_repeater":[]},"elements":[],"isInner":false,"widgetType":"image","elType":"widget"},{"id":"1864e121","settings":{"title":"Feature\/Benefit 1","header_size":"h3","align":"center","title_color":"#000000","typography_typography":"custom","typography_font_size":{"unit":"px","size":22,"sizes":[]},"typography_font_size_mobile":{"unit":"px","size":18,"sizes":[]},"typography_line_height":{"unit":"px","size":32,"sizes":[]},"typography_line_height_mobile":{"unit":"px","size":28,"sizes":[]},"_element_width":"initial","_element_width_tablet":"inherit","_element_width_mobile":"initial","_element_custom_width":{"unit":"px","size":450,"sizes":[]},"_element_custom_width_tablet":{"unit":"custom","size":"","sizes":[]},"_element_custom_width_mobile":{"unit":"px","size":450,"sizes":[]},"_padding":{"unit":"px","top":"0","right":"5","bottom":"0","left":"5","isLinked":false},"_flex_align_self_mobile":"center","pa_condition_repeater":[]},"elements":[],"isInner":false,"widgetType":"heading","elType":"widget"},{"id":"2e8d320e","settings":{"align":"center","text_color":"#000000","typography_typography":"custom","typography_font_size":{"unit":"px","size":16,"sizes":[]},"typography_font_size_tablet":{"unit":"px","size":16,"sizes":[]},"typography_font_size_mobile":{"unit":"px","size":14,"sizes":[]},"_padding":{"unit":"px","top":"0","right":"5","bottom":"0","left":"5","isLinked":false},"_element_width":"initial","_element_width_tablet":"inherit","_element_width_mobile":"initial","_element_custom_width":{"unit":"px","size":450,"sizes":[]},"typography_font_weight":"300","_element_custom_width_mobile":{"unit":"px","size":450,"sizes":[]},"_flex_align_self_mobile":"center","pa_condition_repeater":[]},"elements":[],"isInner":false,"widgetType":"text-editor","elType":"widget"}],"isInner":false,"elType":"container"},{"id":"5ab5086","settings":{"content_width":"full","width":{"unit":"%","size":50,"sizes":[]},"boxed_width":{"unit":"%","size":50,"sizes":[]},"boxed_width_tablet":{"unit":"%","size":"","sizes":[]},"boxed_width_mobile":{"unit":"%","size":"","sizes":[]},"padding":{"unit":"%","top":"30","right":"2","bottom":"0","left":"2","isLinked":false},"padding_tablet":{"unit":"%","top":"30","right":"0","bottom":"0","left":"2","isLinked":false},"padding_mobile":{"unit":"px","top":"0","right":"0","bottom":"0","left":"0","isLinked":false},"pa_condition_repeater":[]},"elements":[{"id":"46845905","settings":{"image":{"url":"http:\/\/localhost\/staging\/wp-content\/uploads\/2023\/02\/Rectangle-11-2.png","id":99,"alt":"","source":"library"},"image_size":"full","align":"center","_element_width":"initial","_element_width_tablet":"inherit","_element_width_mobile":"initial","_element_custom_width":{"unit":"px","size":450,"sizes":[]},"_element_custom_width_mobile":{"unit":"px","size":450,"sizes":[]},"_flex_align_self_mobile":"center","pa_condition_repeater":[]},"elements":[],"isInner":false,"widgetType":"image","elType":"widget"},{"id":"4f555335","settings":{"title":"Feature\/Benefit 2","header_size":"h3","align":"center","title_color":"#000000","typography_typography":"custom","typography_font_size":{"unit":"px","size":22,"sizes":[]},"typography_font_size_mobile":{"unit":"px","size":18,"sizes":[]},"typography_line_height":{"unit":"px","size":32,"sizes":[]},"typography_line_height_mobile":{"unit":"px","size":28,"sizes":[]},"_element_width":"initial","_element_width_tablet":"inherit","_element_width_mobile":"initial","_element_custom_width":{"unit":"px","size":450,"sizes":[]},"_padding":{"unit":"px","top":"0","right":"5","bottom":"0","left":"5","isLinked":false},"_element_custom_width_mobile":{"unit":"px","size":450,"sizes":[]},"_flex_align_self_mobile":"center","pa_condition_repeater":[]},"elements":[],"isInner":false,"widgetType":"heading","elType":"widget"},{"id":"52c1516a","settings":{"align":"center","align_tablet":"center","text_color":"#000000","typography_typography":"custom","typography_font_size_mobile":{"unit":"px","size":14,"sizes":[]},"_element_width":"initial","_element_width_tablet":"inherit","_element_width_mobile":"initial","_element_custom_width":{"unit":"px","size":450,"sizes":[]},"typography_font_size":{"unit":"px","size":16,"sizes":[]},"typography_font_weight":"300","_padding":{"unit":"px","top":"0","right":"5","bottom":"0","left":"5","isLinked":false},"_element_custom_width_mobile":{"unit":"px","size":450,"sizes":[]},"_flex_align_self_mobile":"center","pa_condition_repeater":[]},"elements":[],"isInner":false,"widgetType":"text-editor","elType":"widget"}],"isInner":false,"elType":"container"}],"isInner":false,"elType":"container"},{"id":"2e30a223","settings":{"content_width":"full","boxed_width":{"unit":"%","size":50,"sizes":[]},"boxed_width_tablet":{"unit":"%","size":"","sizes":[]},"boxed_width_mobile":{"unit":"%","size":"","sizes":[]},"flex_direction":"row","padding":{"unit":"px","top":"0","right":"0","bottom":"0","left":"0","isLinked":false},"padding_tablet":{"unit":"px","top":"40","right":"0","bottom":"0","left":"0","isLinked":false},"padding_mobile":{"unit":"px","top":"40","right":"0","bottom":"0","left":"0","isLinked":false},"flex_gap":{"unit":"px","size":0,"sizes":[]},"pa_condition_repeater":[]},"elements":[{"id":"77b7fb65","settings":{"content_width":"full","width":{"unit":"%","size":50,"sizes":[]},"boxed_width":{"unit":"%","size":50,"sizes":[]},"boxed_width_tablet":{"unit":"%","size":"","sizes":[]},"boxed_width_mobile":{"unit":"%","size":"","sizes":[]},"padding":{"unit":"%","top":"0","right":"2","bottom":"0","left":"0","isLinked":false},"padding_mobile":{"unit":"px","top":"0","right":"0","bottom":"40","left":"0","isLinked":false},"padding_tablet":{"unit":"%","top":"0","right":"2","bottom":"0","left":"0","isLinked":false},"pa_condition_repeater":[]},"elements":[{"id":"132a8d0","settings":{"image":{"url":"http:\/\/localhost\/staging\/wp-content\/uploads\/2023\/02\/Rectangle-11-2.png","id":99,"alt":"","source":"library"},"image_size":"full","align":"center","_element_width":"initial","_element_width_tablet":"inherit","_element_width_mobile":"initial","_element_custom_width":{"unit":"px","size":450,"sizes":[]},"_element_custom_width_mobile":{"unit":"px","size":450,"sizes":[]},"_flex_align_self_mobile":"center","pa_condition_repeater":[]},"elements":[],"isInner":false,"widgetType":"image","elType":"widget"},{"id":"4d7fbde","settings":{"title":"Feature\/Benefit 3","header_size":"h3","align":"center","title_color":"#000000","typography_typography":"custom","typography_font_size":{"unit":"px","size":22,"sizes":[]},"typography_font_size_mobile":{"unit":"px","size":18,"sizes":[]},"typography_line_height":{"unit":"px","size":32,"sizes":[]},"typography_line_height_mobile":{"unit":"px","size":28,"sizes":[]},"_element_width":"initial","_element_width_tablet":"inherit","_element_width_mobile":"initial","_element_custom_width":{"unit":"px","size":450,"sizes":[]},"_element_custom_width_tablet":{"unit":"custom","size":"","sizes":[]},"_element_custom_width_mobile":{"unit":"px","size":450,"sizes":[]},"_padding":{"unit":"px","top":"0","right":"5","bottom":"0","left":"5","isLinked":false},"_flex_align_self_mobile":"center","pa_condition_repeater":[]},"elements":[],"isInner":false,"widgetType":"heading","elType":"widget"},{"id":"3ce2b1cb","settings":{"align":"center","text_color":"#000000","typography_typography":"custom","typography_font_size":{"unit":"px","size":16,"sizes":[]},"typography_font_size_tablet":{"unit":"px","size":16,"sizes":[]},"typography_font_size_mobile":{"unit":"px","size":14,"sizes":[]},"_padding":{"unit":"px","top":"0","right":"5","bottom":"0","left":"5","isLinked":false},"_element_width":"initial","_element_width_tablet":"inherit","_element_width_mobile":"initial","_element_custom_width":{"unit":"px","size":450,"sizes":[]},"typography_font_weight":"300","_element_custom_width_mobile":{"unit":"px","size":450,"sizes":[]},"_flex_align_self_mobile":"center","pa_condition_repeater":[]},"elements":[],"isInner":false,"widgetType":"text-editor","elType":"widget"}],"isInner":false,"elType":"container"},{"id":"1c4c1998","settings":{"content_width":"full","width":{"unit":"%","size":50,"sizes":[]},"boxed_width":{"unit":"%","size":50,"sizes":[]},"boxed_width_tablet":{"unit":"%","size":"","sizes":[]},"boxed_width_mobile":{"unit":"%","size":"","sizes":[]},"padding":{"unit":"%","top":"30","right":"2","bottom":"0","left":"2","isLinked":false},"padding_tablet":{"unit":"%","top":"30","right":"0","bottom":"0","left":"2","isLinked":false},"padding_mobile":{"unit":"px","top":"0","right":"0","bottom":"0","left":"0","isLinked":false},"pa_condition_repeater":[]},"elements":[{"id":"3b869f7d","settings":{"image":{"url":"http:\/\/localhost\/staging\/wp-content\/uploads\/2023\/02\/Rectangle-11-2.png","id":99,"alt":"","source":"library"},"image_size":"full","align":"center","_element_width":"initial","_element_width_tablet":"inherit","_element_width_mobile":"initial","_element_custom_width":{"unit":"px","size":450,"sizes":[]},"_element_custom_width_mobile":{"unit":"px","size":450,"sizes":[]},"_flex_align_self_mobile":"center","pa_condition_repeater":[]},"elements":[],"isInner":false,"widgetType":"image","elType":"widget"},{"id":"4ab39256","settings":{"title":"Feature\/Benefit 4","header_size":"h3","align":"center","title_color":"#000000","typography_typography":"custom","typography_font_size":{"unit":"px","size":22,"sizes":[]},"typography_font_size_mobile":{"unit":"px","size":18,"sizes":[]},"typography_line_height":{"unit":"px","size":32,"sizes":[]},"typography_line_height_mobile":{"unit":"px","size":28,"sizes":[]},"_element_width":"initial","_element_width_tablet":"inherit","_element_width_mobile":"initial","_element_custom_width":{"unit":"px","size":450,"sizes":[]},"_padding":{"unit":"px","top":"0","right":"5","bottom":"0","left":"5","isLinked":false},"_element_custom_width_mobile":{"unit":"px","size":450,"sizes":[]},"_flex_align_self_mobile":"center","pa_condition_repeater":[]},"elements":[],"isInner":false,"widgetType":"heading","elType":"widget"},{"id":"3217e5f4","settings":{"align":"center","align_tablet":"center","text_color":"#000000","typography_typography":"custom","typography_font_size_mobile":{"unit":"px","size":14,"sizes":[]},"_element_width":"initial","_element_width_tablet":"inherit","_element_width_mobile":"initial","_element_custom_width":{"unit":"px","size":450,"sizes":[]},"typography_font_size":{"unit":"px","size":16,"sizes":[]},"typography_font_weight":"300","_padding":{"unit":"px","top":"0","right":"5","bottom":"0","left":"5","isLinked":false},"_element_custom_width_mobile":{"unit":"px","size":450,"sizes":[]},"_flex_align_self_mobile":"center","pa_condition_repeater":[]},"elements":[],"isInner":false,"widgetType":"text-editor","elType":"widget"}],"isInner":false,"elType":"container"}],"isInner":false,"elType":"container"}],"isInner":false,"elType":"container"}],"isInner":false,"elType":"container"},{"id":"1b158326","settings":{"flex_direction":"row","content_width":"full","flex_justify_content":"center","padding":{"unit":"px","top":"0","right":"0","bottom":"0","left":"0","isLinked":false},"padding_mobile":{"unit":"px","top":"40","right":"20","bottom":"0","left":"20","isLinked":false},"css_classes":"pcwidth","width":{"unit":"%","size":100,"sizes":[]},"pa_condition_repeater":[]},"elements":[{"id":"4392a989","settings":{"title":"Some of our products","title_color":"#000000","typography_typography":"custom","typography_font_size":{"unit":"px","size":65,"sizes":[]},"typography_font_size_tablet":{"unit":"px","size":28,"sizes":[]},"typography_font_size_mobile":{"unit":"px","size":28,"sizes":[]},"typography_line_height":{"unit":"px","size":70,"sizes":[]},"typography_line_height_tablet":{"unit":"px","size":35,"sizes":[]},"typography_line_height_mobile":{"unit":"px","size":"","sizes":[]},"_margin":{"unit":"px","top":"0","right":"0","bottom":"0","left":"0","isLinked":false},"_margin_mobile":{"unit":"px","top":"0","right":"0","bottom":"0","left":"0","isLinked":false},"_padding":{"unit":"px","top":"0","right":"30","bottom":"0","left":"30","isLinked":false},"_padding_tablet":{"unit":"px","top":"0","right":"0","bottom":"0","left":"0","isLinked":false},"_padding_mobile":{"unit":"px","top":"0","right":"0","bottom":"0","left":"0","isLinked":false},"align":"center","align_mobile":"center","pa_condition_repeater":[]},"elements":[],"isInner":false,"widgetType":"heading","elType":"widget"}],"isInner":false,"elType":"container"},{"id":"14dfec4e","settings":{"flex_direction":"row","flex_gap":{"unit":"%","size":""},"content_width":"full","flex_direction_tablet":"column","flex_gap_tablet":{"unit":"%","size":"","sizes":[]},"flex_gap_mobile":{"unit":"px","size":20,"sizes":[]},"padding":{"unit":"%","top":"5","right":"0","bottom":"5","left":"0","isLinked":false},"padding_tablet":{"unit":"px","top":"40","right":"20","bottom":"40","left":"20","isLinked":false},"padding_mobile":{"unit":"px","top":"40","right":"20","bottom":"40","left":"20","isLinked":false},"css_classes":"pcwidth","pa_condition_repeater":[]},"elements":[{"id":"28ac45f","settings":{"flex_direction":"row","width":{"unit":"%","size":"50"},"width_tablet":{"unit":"%","size":100,"sizes":[]},"width_mobile":{"unit":"%","size":"","sizes":[]},"flex_gap_tablet":{"unit":"%","size":4,"sizes":[]},"flex_gap_mobile":{"unit":"px","size":20,"sizes":[]},"padding":{"unit":"%","top":"0","right":"0","bottom":"0","left":"5","isLinked":false},"padding_tablet":{"unit":"%","top":"0","right":"0","bottom":"0","left":"0","isLinked":false},"padding_mobile":{"unit":"%","top":"","right":"","bottom":"","left":"","isLinked":true},"boxed_width_mobile":{"unit":"px","size":450,"sizes":[]},"pa_condition_repeater":[]},"elements":[{"id":"3ef6fa30","settings":{"margin":{"unit":"px","top":"0","right":"10","bottom":"0","left":"10","isLinked":false},"margin_tablet":{"unit":"px","top":"0","right":"0","bottom":"0","left":"0","isLinked":false},"padding":{"unit":"px","top":"0","right":"0","bottom":"0","left":"0","isLinked":false},"pa_condition_repeater":[]},"elements":[{"id":"2db14e3c","settings":{"image":{"url":"http:\/\/localhost\/staging\/wp-content\/uploads\/2023\/02\/Rectangle-11.png","id":98,"alt":"","source":"library"},"image_size":"full","pa_condition_repeater":[]},"elements":[],"isInner":false,"widgetType":"image","elType":"widget"},{"id":"6dbd547","settings":{"title":"Product Title","header_size":"h3","align":"center","title_color":"#000000","typography_typography":"custom","typography_font_size":{"unit":"px","size":22,"sizes":[]},"typography_font_size_mobile":{"unit":"px","size":18,"sizes":[]},"typography_line_height":{"unit":"px","size":32,"sizes":[]},"typography_line_height_mobile":{"unit":"px","size":28,"sizes":[]},"_element_width_tablet":"inherit","_element_width_mobile":"initial","_element_custom_width":{"unit":"px","size":450,"sizes":[]},"_padding":{"unit":"px","top":"0","right":"5","bottom":"0","left":"5","isLinked":false},"_element_custom_width_mobile":{"unit":"px","size":450,"sizes":[]},"_flex_align_self_mobile":"center","pa_condition_repeater":[]},"elements":[],"isInner":false,"widgetType":"heading","elType":"widget"}],"isInner":false,"elType":"container"},{"id":"380b0258","settings":{"margin":{"unit":"px","top":"0","right":"10","bottom":"0","left":"10","isLinked":false},"margin_tablet":{"unit":"px","top":"0","right":"0","bottom":"0","left":"0","isLinked":false},"padding":{"unit":"%","top":"40","right":"0","bottom":"0","left":"0","isLinked":false},"padding_tablet":{"unit":"%","top":"","right":"","bottom":"","left":"","isLinked":true},"padding_mobile":{"unit":"%","top":"0","right":"0","bottom":"0","left":"0","isLinked":false},"pa_condition_repeater":[]},"elements":[{"id":"79ffc22c","settings":{"image":{"url":"http:\/\/localhost\/staging\/wp-content\/uploads\/2023\/02\/Rectangle-11.png","id":98,"alt":"","source":"library"},"image_size":"full","pa_condition_repeater":[]},"elements":[],"isInner":false,"widgetType":"image","elType":"widget"},{"id":"5a43a548","settings":{"title":"Product Title","header_size":"h3","align":"center","title_color":"#000000","typography_typography":"custom","typography_font_size":{"unit":"px","size":22,"sizes":[]},"typography_font_size_mobile":{"unit":"px","size":18,"sizes":[]},"typography_line_height":{"unit":"px","size":32,"sizes":[]},"typography_line_height_mobile":{"unit":"px","size":28,"sizes":[]},"_element_width_tablet":"inherit","_element_width_mobile":"initial","_element_custom_width":{"unit":"px","size":450,"sizes":[]},"_padding":{"unit":"px","top":"0","right":"5","bottom":"0","left":"5","isLinked":false},"_element_custom_width_mobile":{"unit":"px","size":450,"sizes":[]},"_flex_align_self_mobile":"center","pa_condition_repeater":[]},"elements":[],"isInner":false,"widgetType":"heading","elType":"widget"}],"isInner":false,"elType":"container"}],"isInner":false,"elType":"container"},{"id":"25cdc122","settings":{"flex_direction":"row","width":{"unit":"%","size":"50"},"width_tablet":{"unit":"%","size":100,"sizes":[]},"width_mobile":{"unit":"%","size":"","sizes":[]},"flex_gap_tablet":{"unit":"%","size":4,"sizes":[]},"flex_gap_mobile":{"unit":"px","size":20,"sizes":[]},"padding":{"unit":"%","top":"0","right":"5","bottom":"0","left":"0","isLinked":false},"padding_tablet":{"unit":"%","top":"0","right":"0","bottom":"0","left":"0","isLinked":false},"padding_mobile":{"unit":"%","top":"","right":"","bottom":"","left":"","isLinked":true},"boxed_width_mobile":{"unit":"px","size":450,"sizes":[]},"pa_condition_repeater":[]},"elements":[{"id":"370cb1d2","settings":{"margin":{"unit":"px","top":"0","right":"10","bottom":"0","left":"10","isLinked":false},"margin_tablet":{"unit":"px","top":"0","right":"0","bottom":"0","left":"0","isLinked":false},"padding":{"unit":"px","top":"0","right":"0","bottom":"0","left":"0","isLinked":false},"pa_condition_repeater":[]},"elements":[{"id":"582f12cb","settings":{"image":{"url":"http:\/\/localhost\/staging\/wp-content\/uploads\/2023\/02\/Rectangle-11.png","id":98,"alt":"","source":"library"},"image_size":"full","pa_condition_repeater":[]},"elements":[],"isInner":false,"widgetType":"image","elType":"widget"},{"id":"576ba58d","settings":{"title":"Product Title","header_size":"h3","align":"center","title_color":"#000000","typography_typography":"custom","typography_font_size":{"unit":"px","size":22,"sizes":[]},"typography_font_size_mobile":{"unit":"px","size":18,"sizes":[]},"typography_line_height":{"unit":"px","size":32,"sizes":[]},"typography_line_height_mobile":{"unit":"px","size":28,"sizes":[]},"_element_width_tablet":"inherit","_element_width_mobile":"initial","_element_custom_width":{"unit":"px","size":450,"sizes":[]},"_padding":{"unit":"px","top":"0","right":"5","bottom":"0","left":"5","isLinked":false},"_element_custom_width_mobile":{"unit":"px","size":450,"sizes":[]},"_flex_align_self_mobile":"center","pa_condition_repeater":[]},"elements":[],"isInner":false,"widgetType":"heading","elType":"widget"}],"isInner":false,"elType":"container"},{"id":"2e6bc1f5","settings":{"margin":{"unit":"px","top":"0","right":"10","bottom":"0","left":"10","isLinked":false},"margin_tablet":{"unit":"px","top":"0","right":"0","bottom":"0","left":"0","isLinked":false},"padding":{"unit":"%","top":"40","right":"0","bottom":"0","left":"0","isLinked":false},"padding_tablet":{"unit":"%","top":"","right":"","bottom":"","left":"","isLinked":true},"padding_mobile":{"unit":"%","top":"0","right":"0","bottom":"0","left":"0","isLinked":false},"pa_condition_repeater":[]},"elements":[{"id":"252ae46d","settings":{"image":{"url":"http:\/\/localhost\/staging\/wp-content\/uploads\/2023\/02\/Rectangle-11.png","id":98,"alt":"","source":"library"},"image_size":"full","pa_condition_repeater":[]},"elements":[],"isInner":false,"widgetType":"image","elType":"widget"},{"id":"6b81a598","settings":{"title":"Product Title","header_size":"h3","align":"center","title_color":"#000000","typography_typography":"custom","typography_font_size":{"unit":"px","size":22,"sizes":[]},"typography_font_size_mobile":{"unit":"px","size":18,"sizes":[]},"typography_line_height":{"unit":"px","size":32,"sizes":[]},"typography_line_height_mobile":{"unit":"px","size":28,"sizes":[]},"_element_width_tablet":"inherit","_element_width_mobile":"initial","_element_custom_width":{"unit":"px","size":450,"sizes":[]},"_padding":{"unit":"px","top":"0","right":"5","bottom":"0","left":"5","isLinked":false},"_element_custom_width_mobile":{"unit":"px","size":450,"sizes":[]},"_flex_align_self_mobile":"center","pa_condition_repeater":[]},"elements":[],"isInner":false,"widgetType":"heading","elType":"widget"}],"isInner":false,"elType":"container"}],"isInner":false,"elType":"container"}],"isInner":false,"elType":"container"},{"id":"74b5c4de","settings":{"flex_direction":"row","content_width":"full","flex_justify_content":"center","padding":{"unit":"px","top":"0","right":"0","bottom":"0","left":"0","isLinked":false},"_element_id":"section4","css_classes":"pcwidth","padding_mobile":{"unit":"px","top":"0","right":"20","bottom":"40","left":"20","isLinked":false},"pa_condition_repeater":[]},"elements":[{"id":"2b28788b","settings":{"text":"View more","align_mobile":"left","size":"md","typography_typography":"custom","typography_font_size":{"unit":"px","size":16,"sizes":[]},"typography_font_size_tablet":{"unit":"px","size":15,"sizes":[]},"typography_font_size_mobile":{"unit":"px","size":14,"sizes":[]},"typography_font_weight":"500","button_text_color":"#FFFFFF","background_color":"#467FF7","hover_color":"#467FF7","button_background_hover_color":"#FFFFFF","button_hover_border_color":"#467FF7","border_border":"solid","border_width":{"unit":"px","top":"2","right":"2","bottom":"2","left":"2","isLinked":true},"border_color":"#467FF7","border_radius":{"unit":"px","top":"100","right":"100","bottom":"100","left":"100","isLinked":true},"_margin":{"unit":"px","top":"0","right":"0","bottom":"0","left":"0","isLinked":false},"_margin_tablet":{"unit":"px","top":"0","right":"0","bottom":"0","left":"0","isLinked":false},"_margin_mobile":{"unit":"px","top":"0","right":"0","bottom":"0","left":"0","isLinked":false},"_padding":{"unit":"px","top":"0","right":"0","bottom":"0","left":"0","isLinked":false},"_padding_tablet":{"unit":"px","top":"0","right":"0","bottom":"0","left":"0","isLinked":false},"_padding_mobile":{"unit":"px","top":"0","right":"0","bottom":"0","left":"0","isLinked":false},"_element_custom_width_mobile":{"unit":"px","size":0,"sizes":[]},"_transform_scale_popover":"transform","button_type":"info","pa_condition_repeater":[]},"elements":[],"isInner":false,"widgetType":"button","elType":"widget"}],"isInner":false,"elType":"container"},{"id":"537226b3","settings":{"flex_direction":"row","content_width":"full","flex_justify_content":"center","padding":{"unit":"px","top":"0","right":"0","bottom":"0","left":"0","isLinked":false},"padding_mobile":{"unit":"px","top":"40","right":"20","bottom":"0","left":"20","isLinked":false},"css_classes":"pcwidth","pa_condition_repeater":[]},"elements":[{"id":"228ef46c","settings":{"title":"Customer Reviews","title_color":"#000000","typography_typography":"custom","typography_font_size":{"unit":"px","size":65,"sizes":[]},"typography_font_size_tablet":{"unit":"px","size":28,"sizes":[]},"typography_font_size_mobile":{"unit":"px","size":28,"sizes":[]},"typography_line_height":{"unit":"px","size":70,"sizes":[]},"typography_line_height_tablet":{"unit":"px","size":35,"sizes":[]},"typography_line_height_mobile":{"unit":"px","size":"","sizes":[]},"_margin":{"unit":"px","top":"0","right":"0","bottom":"0","left":"0","isLinked":false},"_margin_mobile":{"unit":"px","top":"0","right":"0","bottom":"0","left":"0","isLinked":false},"_padding":{"unit":"px","top":"0","right":"30","bottom":"0","left":"30","isLinked":false},"_padding_tablet":{"unit":"px","top":"0","right":"0","bottom":"0","left":"0","isLinked":false},"_padding_mobile":{"unit":"px","top":"0","right":"0","bottom":"0","left":"0","isLinked":false},"align":"center","align_mobile":"left","pa_condition_repeater":[]},"elements":[],"isInner":false,"widgetType":"heading","elType":"widget"}],"isInner":false,"elType":"container"},{"id":"2390a9c9","settings":{"flex_direction":"row","flex_gap":{"unit":"%","size":5},"flex_gap_tablet":{"unit":"%","size":"","sizes":[]},"flex_gap_mobile":{"unit":"%","size":"","sizes":[]},"padding":{"unit":"%","top":"10","right":"5","bottom":"0","left":"5","isLinked":false},"padding_tablet":{"unit":"%","top":"","right":"","bottom":"","left":"","isLinked":true},"padding_mobile":{"unit":"px","top":"40","right":"20","bottom":"0","left":"20","isLinked":false},"_element_id":"section5","css_classes":"pcwidth","content_width":"full","width":{"unit":"%","size":100,"sizes":[]},"pa_condition_repeater":[]},"elements":[{"id":"24bb01a9","settings":{"flex_direction":"column","content_width":"full","width":{"unit":"%","size":33},"padding":{"unit":"px","top":"0","right":"0","bottom":"0","left":"0","isLinked":false},"flex_gap_mobile":{"unit":"px","size":5,"sizes":[]},"pa_condition_repeater":[]},"elements":[{"id":"e9aa7d3","settings":{"align":"left","text_color":"#000000","typography_typography":"custom","typography_font_size":{"unit":"px","size":16,"sizes":[]},"typography_font_size_tablet":{"unit":"px","size":16,"sizes":[]},"typography_font_size_mobile":{"unit":"px","size":14,"sizes":[]},"_padding":{"unit":"px","top":"0","right":"5","bottom":"0","left":"5","isLinked":false},"_element_width":"initial","_element_width_tablet":"inherit","_element_width_mobile":"initial","_element_custom_width":{"unit":"px","size":450,"sizes":[]},"typography_font_weight":"300","_element_custom_width_mobile":{"unit":"px","size":450,"sizes":[]},"_flex_align_self_mobile":"center","editor":"<p>\u201cA review from a customer who benefited from your product. Reviews can be a highly effective way of establishing credibility and increasing your company's reputation.\u201d<\/p>","pa_condition_repeater":[]},"elements":[],"isInner":false,"widgetType":"text-editor","elType":"widget"},{"id":"4e84c44","settings":{"width_mobile":{"unit":"px","size":450,"sizes":[]},"boxed_width_mobile":{"unit":"px","size":450,"sizes":[]},"flex_direction":"row","flex_gap":{"unit":"px","size":5,"sizes":[]},"flex_gap_mobile":{"unit":"%","size":5,"sizes":[]},"padding":{"unit":"px","top":"0","right":"0","bottom":"0","left":"0","isLinked":false},"width":{"unit":"%","size":100,"sizes":[]},"boxed_width_tablet":{"unit":"custom","size":"","sizes":[]},"flex_gap_tablet":{"unit":"px","size":10,"sizes":[]},"padding_mobile":{"unit":"px","top":"0","right":"0","bottom":"40","left":"0","isLinked":false},"pa_condition_repeater":[]},"elements":[{"id":"1fa8701d","settings":{"content_width":"full","width":{"unit":"%","size":20,"sizes":[]},"width_mobile":{"unit":"%","size":20,"sizes":[]},"padding":{"unit":"px","top":"0","right":"0","bottom":"0","left":"0","isLinked":false},"padding_mobile":{"unit":"px","top":"0","right":"0","bottom":"0","left":"0","isLinked":false},"width_tablet":{"unit":"%","size":25,"sizes":[]},"pa_condition_repeater":[]},"elements":[{"id":"5ed89214","settings":{"image":{"url":"http:\/\/localhost\/staging\/wp-content\/uploads\/2023\/02\/Rectangle-11.png","id":98,"alt":"","source":"library"},"image_size":"full","align":"left","width":{"unit":"%","size":100,"sizes":[]},"width_tablet":{"unit":"px","size":"","sizes":[]},"width_mobile":{"unit":"px","size":"","sizes":[]},"space":{"unit":"px","size":60,"sizes":[]},"space_tablet":{"unit":"px","size":"","sizes":[]},"space_mobile":{"unit":"px","size":"","sizes":[]},"image_border_border":"none","image_border_radius":{"unit":"px","top":"100","right":"100","bottom":"100","left":"100","isLinked":true},"pa_condition_repeater":[]},"elements":[],"isInner":false,"widgetType":"image","elType":"widget"}],"isInner":false,"elType":"container"},{"id":"4038bbe0","settings":{"content_width":"full","width":{"unit":"%","size":75,"sizes":[]},"width_mobile":{"unit":"%","size":75,"sizes":[]},"flex_justify_content":"center","padding":{"unit":"px","top":"0","right":"0","bottom":"0","left":"0","isLinked":false},"padding_mobile":{"unit":"px","top":"0","right":"0","bottom":"0","left":"0","isLinked":false},"pa_condition_repeater":[]},"elements":[{"id":"378809a7","settings":{"align":"left","text_color":"#000000","typography_typography":"custom","typography_font_size":{"unit":"px","size":16,"sizes":[]},"typography_font_size_tablet":{"unit":"px","size":16,"sizes":[]},"typography_font_size_mobile":{"unit":"px","size":14,"sizes":[]},"_padding":{"unit":"px","top":"0","right":"0","bottom":"0","left":"0","isLinked":false},"_element_width_tablet":"inherit","_element_width_mobile":"initial","_element_custom_width":{"unit":"px","size":450,"sizes":[]},"typography_font_weight":"400","_element_custom_width_mobile":{"unit":"px","size":450,"sizes":[]},"_flex_align_self_mobile":"center","editor":"Customer Name","pa_condition_repeater":[]},"elements":[],"isInner":false,"widgetType":"text-editor","elType":"widget"}],"isInner":false,"elType":"container"}],"isInner":false,"elType":"container"}],"isInner":false,"elType":"container"},{"id":"338b5d8c","settings":{"flex_direction":"column","content_width":"full","width":{"unit":"%","size":33},"padding":{"unit":"px","top":"0","right":"0","bottom":"0","left":"0","isLinked":false},"flex_gap_mobile":{"unit":"px","size":5,"sizes":[]},"pa_condition_repeater":[]},"elements":[{"id":"253ca396","settings":{"align":"left","text_color":"#000000","typography_typography":"custom","typography_font_size":{"unit":"px","size":16,"sizes":[]},"typography_font_size_tablet":{"unit":"px","size":16,"sizes":[]},"typography_font_size_mobile":{"unit":"px","size":14,"sizes":[]},"_padding":{"unit":"px","top":"0","right":"5","bottom":"0","left":"5","isLinked":false},"_element_width":"initial","_element_width_tablet":"inherit","_element_width_mobile":"initial","_element_custom_width":{"unit":"px","size":450,"sizes":[]},"typography_font_weight":"300","_element_custom_width_mobile":{"unit":"px","size":450,"sizes":[]},"_flex_align_self_mobile":"center","editor":"<p>\u201cA review from a customer who benefited from your product. Reviews can be a highly effective way of establishing credibility and increasing your company's reputation.\u201d<\/p>","pa_condition_repeater":[]},"elements":[],"isInner":false,"widgetType":"text-editor","elType":"widget"},{"id":"7a5298cd","settings":{"width_mobile":{"unit":"px","size":450,"sizes":[]},"boxed_width_mobile":{"unit":"px","size":450,"sizes":[]},"flex_direction":"row","flex_gap":{"unit":"px","size":5,"sizes":[]},"flex_gap_mobile":{"unit":"%","size":5,"sizes":[]},"padding":{"unit":"px","top":"0","right":"0","bottom":"0","left":"0","isLinked":false},"width":{"unit":"%","size":100,"sizes":[]},"boxed_width_tablet":{"unit":"custom","size":"","sizes":[]},"flex_gap_tablet":{"unit":"px","size":10,"sizes":[]},"padding_mobile":{"unit":"px","top":"0","right":"0","bottom":"40","left":"0","isLinked":false},"pa_condition_repeater":[]},"elements":[{"id":"464d87bf","settings":{"content_width":"full","width":{"unit":"%","size":20,"sizes":[]},"width_mobile":{"unit":"%","size":20,"sizes":[]},"padding":{"unit":"px","top":"0","right":"0","bottom":"0","left":"0","isLinked":false},"padding_mobile":{"unit":"px","top":"0","right":"0","bottom":"0","left":"0","isLinked":false},"width_tablet":{"unit":"%","size":25,"sizes":[]},"pa_condition_repeater":[]},"elements":[{"id":"5b65270f","settings":{"image":{"url":"http:\/\/localhost\/staging\/wp-content\/uploads\/2023\/02\/Rectangle-11.png","id":98,"alt":"","source":"library"},"image_size":"full","align":"left","width":{"unit":"%","size":100,"sizes":[]},"width_tablet":{"unit":"px","size":"","sizes":[]},"width_mobile":{"unit":"px","size":"","sizes":[]},"space":{"unit":"px","size":60,"sizes":[]},"space_tablet":{"unit":"px","size":"","sizes":[]},"space_mobile":{"unit":"px","size":"","sizes":[]},"image_border_border":"none","image_border_radius":{"unit":"px","top":"100","right":"100","bottom":"100","left":"100","isLinked":true},"pa_condition_repeater":[]},"elements":[],"isInner":false,"widgetType":"image","elType":"widget"}],"isInner":false,"elType":"container"},{"id":"15a24021","settings":{"content_width":"full","width":{"unit":"%","size":75,"sizes":[]},"width_mobile":{"unit":"%","size":75,"sizes":[]},"flex_justify_content":"center","padding":{"unit":"px","top":"0","right":"0","bottom":"0","left":"0","isLinked":false},"padding_mobile":{"unit":"px","top":"0","right":"0","bottom":"0","left":"0","isLinked":false},"pa_condition_repeater":[]},"elements":[{"id":"7ac23463","settings":{"align":"left","text_color":"#000000","typography_typography":"custom","typography_font_size":{"unit":"px","size":16,"sizes":[]},"typography_font_size_tablet":{"unit":"px","size":16,"sizes":[]},"typography_font_size_mobile":{"unit":"px","size":14,"sizes":[]},"_padding":{"unit":"px","top":"0","right":"0","bottom":"0","left":"0","isLinked":false},"_element_width_tablet":"inherit","_element_width_mobile":"initial","_element_custom_width":{"unit":"px","size":450,"sizes":[]},"typography_font_weight":"400","_element_custom_width_mobile":{"unit":"px","size":450,"sizes":[]},"_flex_align_self_mobile":"center","editor":"Customer Name","pa_condition_repeater":[]},"elements":[],"isInner":false,"widgetType":"text-editor","elType":"widget"}],"isInner":false,"elType":"container"}],"isInner":false,"elType":"container"}],"isInner":false,"elType":"container"},{"id":"29dea981","settings":{"flex_direction":"column","content_width":"full","width":{"unit":"%","size":33},"padding":{"unit":"px","top":"0","right":"0","bottom":"0","left":"0","isLinked":false},"flex_gap_mobile":{"unit":"px","size":5,"sizes":[]},"pa_condition_repeater":[]},"elements":[{"id":"41b287a5","settings":{"align":"left","text_color":"#000000","typography_typography":"custom","typography_font_size":{"unit":"px","size":16,"sizes":[]},"typography_font_size_tablet":{"unit":"px","size":16,"sizes":[]},"typography_font_size_mobile":{"unit":"px","size":14,"sizes":[]},"_padding":{"unit":"px","top":"0","right":"5","bottom":"0","left":"5","isLinked":false},"_element_width":"initial","_element_width_tablet":"inherit","_element_width_mobile":"initial","_element_custom_width":{"unit":"px","size":450,"sizes":[]},"typography_font_weight":"300","_element_custom_width_mobile":{"unit":"px","size":450,"sizes":[]},"_flex_align_self_mobile":"center","editor":"<p>\u201cA review from a customer who benefited from your product. Reviews can be a highly effective way of establishing credibility and increasing your company's reputation.\u201d<\/p>","pa_condition_repeater":[]},"elements":[],"isInner":false,"widgetType":"text-editor","elType":"widget"},{"id":"6d166950","settings":{"width_mobile":{"unit":"px","size":450,"sizes":[]},"boxed_width_mobile":{"unit":"px","size":450,"sizes":[]},"flex_direction":"row","flex_gap":{"unit":"px","size":5,"sizes":[]},"flex_gap_mobile":{"unit":"%","size":5,"sizes":[]},"padding":{"unit":"px","top":"0","right":"0","bottom":"0","left":"0","isLinked":false},"width":{"unit":"%","size":100,"sizes":[]},"boxed_width_tablet":{"unit":"custom","size":"","sizes":[]},"flex_gap_tablet":{"unit":"px","size":10,"sizes":[]},"padding_mobile":{"unit":"px","top":"0","right":"0","bottom":"40","left":"0","isLinked":false},"pa_condition_repeater":[]},"elements":[{"id":"3b802829","settings":{"content_width":"full","width":{"unit":"%","size":20,"sizes":[]},"width_mobile":{"unit":"%","size":20,"sizes":[]},"padding":{"unit":"px","top":"0","right":"0","bottom":"0","left":"0","isLinked":false},"padding_mobile":{"unit":"px","top":"0","right":"0","bottom":"0","left":"0","isLinked":false},"width_tablet":{"unit":"%","size":25,"sizes":[]},"pa_condition_repeater":[]},"elements":[{"id":"16934dbc","settings":{"image":{"url":"http:\/\/localhost\/staging\/wp-content\/uploads\/2023\/02\/Rectangle-11.png","id":98,"alt":"","source":"library"},"image_size":"full","align":"left","width":{"unit":"%","size":100,"sizes":[]},"width_tablet":{"unit":"px","size":"","sizes":[]},"width_mobile":{"unit":"px","size":"","sizes":[]},"space":{"unit":"px","size":60,"sizes":[]},"space_tablet":{"unit":"px","size":"","sizes":[]},"space_mobile":{"unit":"px","size":"","sizes":[]},"image_border_border":"none","image_border_radius":{"unit":"px","top":"100","right":"100","bottom":"100","left":"100","isLinked":true},"pa_condition_repeater":[]},"elements":[],"isInner":false,"widgetType":"image","elType":"widget"}],"isInner":false,"elType":"container"},{"id":"2348b1fb","settings":{"content_width":"full","width":{"unit":"%","size":75,"sizes":[]},"width_mobile":{"unit":"%","size":75,"sizes":[]},"flex_justify_content":"center","padding":{"unit":"px","top":"0","right":"0","bottom":"0","left":"0","isLinked":false},"padding_mobile":{"unit":"px","top":"0","right":"0","bottom":"0","left":"0","isLinked":false},"pa_condition_repeater":[]},"elements":[{"id":"969931","settings":{"align":"left","text_color":"#000000","typography_typography":"custom","typography_font_size":{"unit":"px","size":16,"sizes":[]},"typography_font_size_tablet":{"unit":"px","size":16,"sizes":[]},"typography_font_size_mobile":{"unit":"px","size":14,"sizes":[]},"_padding":{"unit":"px","top":"0","right":"0","bottom":"0","left":"0","isLinked":false},"_element_width_tablet":"inherit","_element_width_mobile":"initial","_element_custom_width":{"unit":"px","size":450,"sizes":[]},"typography_font_weight":"400","_element_custom_width_mobile":{"unit":"px","size":450,"sizes":[]},"_flex_align_self_mobile":"center","editor":"Customer Name","pa_condition_repeater":[]},"elements":[],"isInner":false,"widgetType":"text-editor","elType":"widget"}],"isInner":false,"elType":"container"}],"isInner":false,"elType":"container"}],"isInner":false,"elType":"container"}],"isInner":false,"elType":"container"},{"id":"1e89bc85","settings":{"flex_direction":"column","content_width":"full","flex_justify_content":"center","padding":{"unit":"%","top":"15","right":"0","bottom":"15","left":"0","isLinked":false},"padding_mobile":{"unit":"px","top":"40","right":"20","bottom":"40","left":"20","isLinked":false},"css_classes":"pcwidth","background_background":"classic","background_color":"#F3F5F8","padding_tablet":{"unit":"%","top":"","right":"","bottom":"","left":"","isLinked":true},"pa_condition_repeater":[]},"elements":[{"id":"37d4db75","settings":{"title":"Join Our Newsletter","title_color":"#000000","typography_typography":"custom","typography_font_size":{"unit":"px","size":65,"sizes":[]},"typography_font_size_tablet":{"unit":"px","size":28,"sizes":[]},"typography_font_size_mobile":{"unit":"px","size":28,"sizes":[]},"typography_line_height":{"unit":"px","size":70,"sizes":[]},"typography_line_height_tablet":{"unit":"px","size":35,"sizes":[]},"typography_line_height_mobile":{"unit":"px","size":"","sizes":[]},"_margin":{"unit":"px","top":"0","right":"0","bottom":"0","left":"0","isLinked":false},"_margin_mobile":{"unit":"px","top":"0","right":"0","bottom":"0","left":"0","isLinked":false},"_padding":{"unit":"px","top":"0","right":"30","bottom":"0","left":"30","isLinked":false},"_padding_tablet":{"unit":"px","top":"0","right":"0","bottom":"0","left":"0","isLinked":false},"_padding_mobile":{"unit":"px","top":"0","right":"0","bottom":"0","left":"0","isLinked":false},"align":"center","align_mobile":"center","pa_condition_repeater":[]},"elements":[],"isInner":false,"widgetType":"heading","elType":"widget"},{"id":"6db10e75","settings":{"title":"Subscribe to receive our latest updates in your inbox!","title_color":"#000000","typography_typography":"custom","typography_font_size":{"unit":"px","size":24,"sizes":[]},"typography_font_size_tablet":{"unit":"px","size":16,"sizes":[]},"typography_font_size_mobile":{"unit":"px","size":16,"sizes":[]},"typography_font_weight":"300","typography_line_height":{"unit":"px","size":34,"sizes":[]},"typography_line_height_tablet":{"unit":"px","size":26,"sizes":[]},"typography_line_height_mobile":{"unit":"px","size":"","sizes":[]},"_margin":{"unit":"px","top":"0","right":"0","bottom":"0","left":"0","isLinked":false},"_margin_mobile":{"unit":"px","top":"0","right":"0","bottom":"0","left":"0","isLinked":false},"_padding":{"unit":"px","top":"0","right":"0","bottom":"0","left":"0","isLinked":false},"_padding_tablet":{"unit":"px","top":"0","right":"0","bottom":"0","left":"0","isLinked":false},"_padding_mobile":{"unit":"px","top":"0","right":"0","bottom":"0","left":"0","isLinked":false},"header_size":"h3","align":"center","_margin_tablet":{"unit":"px","top":"0","right":"0","bottom":"0","left":"0","isLinked":false},"pa_condition_repeater":[]},"elements":[],"isInner":false,"widgetType":"heading","elType":"widget"},{"id":"578ff269","settings":{"html":"<form class=\"flexcolumns\" style=\"display:flex; max-width:450px; width:100%; margin:auto; gap: 10px;\">\n    <input type=\"text\" placeholder=\"Your email\" style=\"background-color:#F3F5F8;border-top: none;border-left: none;border-right: none; border-radius: 0px;\">\n    <input type=\"submit\" value=\"Subscribe\" class=\"subscribebtn\">\n<\/form>","pa_condition_repeater":[]},"elements":[],"isInner":false,"widgetType":"html","elType":"widget"}],"isInner":false,"elType":"container"}],"settings":{"template":"elementor_header_footer","hide_title":"yes"},"metadata":[]}