{"content":[],"settings":{"template":"default","system_colors":[{"_id":"primary","title":"Podstawowy","color":"#1C244B"},{"_id":"secondary","title":"Drugorz\u0119dne","color":"#467FF7"},{"_id":"text","title":"Tekst","color":"#000000"},{"_id":"accent","title":"Akcent","color":"#61CE70"}],"custom_colors":[],"system_typography":[{"_id":"primary","title":"Podstawowy","typography_typography":"custom","typography_font_family":"Poppins","typography_font_weight":"600"},{"_id":"secondary","title":"Drugorz\u0119dne","typography_typography":"custom","typography_font_family":"Poppins","typography_font_weight":"400"},{"_id":"text","title":"Tekst","typography_typography":"custom","typography_font_family":"Poppins","typography_font_weight":"400"},{"_id":"accent","title":"Akcent","typography_typography":"custom","typography_font_family":"Poppins","typography_font_weight":"500"}],"custom_typography":[],"default_generic_fonts":"Sans-serif","page_title_selector":"h1.entry-title","hello_header_tagline_display":"","hello_header_custom_width":{"unit":"px","size":1920,"sizes":[]},"hello_footer_copyright_text":"\u00a9 All rights reserved","viewport_md":768,"viewport_lg":1025,"hello_header_gap":{"unit":"px","size":30,"sizes":[]},"hello_header_logo_width":{"unit":"px","size":140,"sizes":[]},"hello_header_menu":"2","hello_header_menu_color":"#000000","hello_header_menu_toggle_color":"#000000","hello_header_menu_typography_typography":"custom","hello_footer_logo_display":"","hello_footer_tagline_display":"","hello_footer_menu_display":"","hello_footer_copyright_color":"#000000","hello_footer_copyright_typography_typography":"custom","hello_header_gap_mobile":{"unit":"px","size":10,"sizes":[]},"body_color":"#000000","body_typography_typography":"custom","body_typography_font_family":"Poppins","body_typography_font_size":{"unit":"px","size":16,"sizes":[]},"body_typography_font_weight":"400","link_normal_color":"#000000","link_normal_typography_typography":"custom","link_normal_typography_font_family":"Poppins","h1_color":"#000000","h1_typography_typography":"custom","h1_typography_font_family":"Poppins","h2_color":"#000000","h2_typography_typography":"custom","h2_typography_font_family":"Poppins","h3_color":"#000000","h3_typography_typography":"custom","h3_typography_font_family":"Poppins","h4_color":"#000000","h4_typography_typography":"custom","h4_typography_font_family":"Poppins","h5_color":"#000000","h5_typography_typography":"custom","h5_typography_font_family":"Poppins","h6_color":"#000000","h6_typography_typography":"custom","h6_typography_font_family":"Poppins","body_typography_font_size_tablet":{"unit":"px","size":16,"sizes":[]},"paragraph_spacing_mobile":{"unit":"px","size":16,"sizes":[]},"activeItemIndex":1,"hello_header_gap_tablet":{"unit":"px","size":10,"sizes":[]},"hello_footer_custom_width":{"unit":"px","size":1920,"sizes":[]},"hello_footer_custom_width_tablet":{"unit":"px","size":1920,"sizes":[]},"hello_footer_custom_width_mobile":{"unit":"px","size":1920,"sizes":[]}},"metadata":[]}